Adana(Aladağ/Aladağ Bel.)-931|16954.0|
Adana(Ceyhan/Ceyhan Bel.)-936|156610.0|
Adana(Çukurova/Çukurova Bel.)-4506|374205.0|
Adana(Feke/Feke Bel.)-935|17304.0|
Adana(İmamoğlu/İmamoğlu Bel.)-934|27341.0|
Adana(Karaisalı/Karaisalı Bel.)-933|23105.0|
Adana(Karataş/Karataş Bel.)-932|25245.0|
Adana(Kozan/Kozan Bel.)-938|132642.0|
Adana(Pozantı/Pozantı Bel.)-930|20733.0|
Adana(Saimbeyli/Saimbeyli Bel.)-929|13857.0|
Adana(Sarıçam/Sarıçam Bel.)-4505|236298.0|
Adana(Seyhan/Seyhan Bel.)-937|787771.0|
Adana(Tufanbeyli/Tufanbeyli Bel.)-927|17258.0|
Adana(Yumurtalık/Yumurtalık Bel.)-926|18630.0|
Adana(Yüreğir/Yüreğir Bel.)-928|402345.0|
Adıyaman(Besni/Besni Bel.)-986|37263.0|
Adıyaman(Besni/Çakırhüyük Bel.)-998|1864.0|
Adıyaman(Besni/Kesmetepe Bel.)-997|1590.0|
Adıyaman(Besni/Köseceli Bel.)-996|2047.0|
Adıyaman(Besni/Şambayat Bel.)-988|3507.0|
Adıyaman(Besni/Suvarlı Bel.)-987|2431.0|
Adıyaman(Çelikhan/Çelikhan Bel.)-984|8553.0|
Adıyaman(Çelikhan/Pınarbaşı Bel.)-989|3332.0|
Adıyaman(Gerger/Gerger Bel.)-981|3107.0|
Adıyaman(Gölbaşı/Balkar Bel.)-990|2073.0|
Adıyaman(Gölbaşı/Belören Bel.)-991|2082.0|
Adıyaman(Gölbaşı/Gölbaşı Bel.)-978|31006.0|
Adıyaman(Gölbaşı/Harmanlı Bel.)-992|1653.0|
Adıyaman(Kahta/Akıncılar Bel.)-994|1566.0|
Adıyaman(Kahta/Bölükyayla Bel.)-993|2128.0|
Adıyaman(Kahta/Kahta Bel.)-983|91999.0|
Adıyaman(Merkez/Adıyaman Bel.)-985|230671.0|
Adıyaman(Merkez/Kömür Bel.)-1002|3058.0|
Adıyaman(Merkez/Yaylakonak Bel.)-1004|1906.0|
Adıyaman(Samsat/Samsat Bel.)-980|3759.0|
Adıyaman(Sincik/İnlice Bel.)-995|2047.0|
Adıyaman(Sincik/Sincik Bel.)-979|5372.0|
Adıyaman(Tut/Tut Bel.)-982|3543.0|
Afyonkarahisar(Başmakçı/Başmakçı Bel.)-1013|4971.0|
Afyonkarahisar(Bayat/Bayat Bel.)-1014|4262.0|
Afyonkarahisar(Bolvadin/Bolvadin Bel.)-1015|32808.0|
Afyonkarahisar(Bolvadin/Dişli Bel.)-1078|3007.0|
Afyonkarahisar(Bolvadin/Özburun Bel.)-1080|2133.0|
Afyonkarahisar(Çay/Çay Bel.)-1016|14237.0|
Afyonkarahisar(Çay/Karamıkkaracaören Bel.)-1086|2440.0|
Afyonkarahisar(Çay/Pazarağaç Bel.)-1088|2621.0|
Afyonkarahisar(Çobanlar/Çobanlar Bel.)-1017|9274.0|
Afyonkarahisar(Çobanlar/Kocaöz Bel.)-1089|2956.0|
Afyonkarahisar(Dazkırı/Dazkırı Bel.)-1018|6041.0|
Afyonkarahisar(Dinar/Dinar Bel.)-1019|26622.0|
Afyonkarahisar(Dinar/Haydarlı Bel.)-1092|2162.0|
Afyonkarahisar(Dinar/Tatarlı Bel.)-1097|2884.0|
Afyonkarahisar(Emirdağ/Davulga Bel.)-1101|2285.0|
Afyonkarahisar(Emirdağ/Emirdağ Bel.)-1020|22909.0|
Afyonkarahisar(Emirdağ/Gömü Bel.)-52579|2322.0|
Afyonkarahisar(Evciler/Evciler Bel.)-1021|3336.0|
Afyonkarahisar(Hocalar/Hocalar Bel.)-1022|2273.0|
Afyonkarahisar(İhsaniye/Döğer Bel.)-1108|6244.0|
Afyonkarahisar(İhsaniye/Gazlıgöl Bel.)-1109|2682.0|
Afyonkarahisar(İhsaniye/İhsaniye Bel.)-1007|4075.0|
Afyonkarahisar(İhsaniye/Kayıhan Bel.)-1112|2515.0|
Afyonkarahisar(İhsaniye/Yaylabağı Bel.)-1024|2442.0|
Afyonkarahisar(İscehisar/İscehisar Bel.)-1006|13488.0|
Afyonkarahisar(İscehisar/Seydiler Bel.)-1026|2079.0|
Afyonkarahisar(Kızılören/Kızılören Bel.)-1023|1408.0|
Afyonkarahisar(Merkez/Afyonkarahisar Bel.)-1012|254384.0|
Afyonkarahisar(Merkez/Beyyazı Bel.)-1062|3335.0|
Afyonkarahisar(Merkez/Çayırbağ Bel.)-1064|4444.0|
Afyonkarahisar(Merkez/Çıkrık Bel.)-1065|2535.0|
Afyonkarahisar(Merkez/Değirmenayvalı Bel.)-1066|2937.0|
Afyonkarahisar(Merkez/Erkmen Bel.)-1067|8591.0|
Afyonkarahisar(Merkez/Fethibey Bel.)-1068|2750.0|
Afyonkarahisar(Merkez/Gebeceler Bel.)-1069|3511.0|
Afyonkarahisar(Merkez/Işıklar Bel.)-1070|7409.0|
Afyonkarahisar(Merkez/Kocatepe Bel.)-1063|3213.0|
Afyonkarahisar(Merkez/Nuribey Bel.)-1071|3137.0|
Afyonkarahisar(Merkez/Salar Bel.)-1072|4628.0|
Afyonkarahisar(Merkez/Sülümenli Bel.)-1074|3705.0|
Afyonkarahisar(Merkez/Sülün Bel.)-1075|3187.0|
Afyonkarahisar(Merkez/Susuz Bel.)-1073|4832.0|
Afyonkarahisar(Sandıklı/Akharım Bel.)-1035|3042.0|
Afyonkarahisar(Sandıklı/Sandıklı Bel.)-1008|34344.0|
Afyonkarahisar(Sinanpaşa/Ahmetpaşa Bel.)-1037|3122.0|
Afyonkarahisar(Sinanpaşa/Akören Bel.)-1038|3094.0|
Afyonkarahisar(Sinanpaşa/Düzağaç Bel.)-1039|2185.0|
Afyonkarahisar(Sinanpaşa/Güney Bel.)-1040|2073.0|
Afyonkarahisar(Sinanpaşa/Kılıçarslan Bel.)-1041|2773.0|
Afyonkarahisar(Sinanpaşa/Kırka Bel.)-1042|2074.0|
Afyonkarahisar(Sinanpaşa/Küçükhüyük Bel.)-1043|1985.0|
Afyonkarahisar(Sinanpaşa/Serban Bel.)-1045|1581.0|
Afyonkarahisar(Sinanpaşa/Sinanpaşa Bel.)-1009|3651.0|
Afyonkarahisar(Sinanpaşa/Taşoluk Bel.)-1046|3579.0|
Afyonkarahisar(Sinanpaşa/Tınaztepe Bel.)-1047|2918.0|
Afyonkarahisar(Şuhut/Karaadilli Bel.)-1058|2243.0|
Afyonkarahisar(Şuhut/Şuhut Bel.)-1011|15039.0|
Afyonkarahisar(Sultandağı/Dereçine Bel.)-1049|2145.0|
Afyonkarahisar(Sultandağı/Sultandağı Bel.)-1010|5242.0|
Afyonkarahisar(Sultandağı/Yeşilçiftlik Bel.)-1054|2125.0|
Ağrı(Diyadin/Diyadin Bel.)-1119|19369.0|
Ağrı(Doğubayazıt/Doğubayazıt Bel.)-1114|78526.0|
Ağrı(Eleşkirt/Eleşkirt Bel.)-1116|10111.0|
Ağrı(Eleşkirt/Tahir Bel.)-1124|1512.0|
Ağrı(Eleşkirt/Yayladüzü Bel.)-1122|1962.0|
Ağrı(Eleşkirt/Yücekapı Bel.)-1123|2150.0|
Ağrı(Hamur/Hamur Bel.)-1120|3045.0|
Ağrı(Merkez/Ağrı Bel.)-1117|125298.0|
Ağrı(Patnos/Dedeli Bel.)-1121|3465.0|
Ağrı(Patnos/Patnos Bel.)-1115|59454.0|
Ağrı(Taşlıçay/Taşlıçay Bel.)-1113|6576.0|
Ağrı(Tutak/Tutak Bel.)-1118|7342.0|
Aksaray(Ağaçören/Ağaçören Bel.)-3941|3035.0|
Aksaray(Eskil/Eskil Bel.)-3942|18462.0|
Aksaray(Eskil/Eşmekaya Bel.)-3961|2696.0|
Aksaray(Gülağaç/Demirci Bel.)-3963|4158.0|
Aksaray(Gülağaç/Gülağaç Bel.)-3940|5039.0|
Aksaray(Gülağaç/Gülpınar Bel.)-3964|2928.0|
Aksaray(Gülağaç/Saratlı Bel.)-3965|2483.0|
Aksaray(Güzelyurt/Güzelyurt Bel.)-3943|2869.0|
Aksaray(Güzelyurt/Ihlara Bel.)-3967|2463.0|
Aksaray(Güzelyurt/Selime Bel.)-3969|2120.0|
Aksaray(Merkez/Aksaray Bel.)-3938|251147.0|
Aksaray(Merkez/Bağlıkaya Bel.)-3982|3221.0|
Aksaray(Merkez/Helvadere Bel.)-3953|2815.0|
Aksaray(Merkez/Sağlık Bel.)-3978|2519.0|
Aksaray(Merkez/Taşpınar Bel.)-3950|3533.0|
Aksaray(Merkez/Topakkaya Bel.)-3944|2996.0|
Aksaray(Merkez/Yenikent Bel.)-3958|5491.0|
Aksaray(Merkez/Yeşilova Bel.)-3956|4177.0|
Aksaray(Merkez/Yeşiltepe Bel.)-3959|2336.0|
Aksaray(Ortaköy/Ortaköy Bel.)-3939|20340.0|
Aksaray(Sarıyahşi/Sarıyahşi Bel.)-3937|3677.0|
Aksaray(Sultanhanı/Sultanhanı Bel.)-52937|11695.0|
Amasya(Göynücek/Göynücek Bel.)-1130|2914.0|
Amasya(Gümüşhacıköy/Gümüşhacıköy Bel.)-1128|14472.0|
Amasya(Hamamözü/Hamamözü Bel.)-1125|1892.0|
Amasya(Merkez/Amasya Bel.)-1126|116103.0|
Amasya(Merkez/Ziyaret Bel.)-1151|4178.0|
Amasya(Merzifon/Merzifon Bel.)-1131|62717.0|
Amasya(Suluova/Suluova Bel.)-1129|39141.0|
Amasya(Taşova/Taşova Bel.)-1127|10979.0|
Ankara(Akyurt/Akyurt Bel.)-1162|43918.0|
Ankara(Altındağ/Altındağ Bel.)-1178|412267.0|
Ankara(Ayaş/Ayaş Bel.)-1163|15581.0|
Ankara(Bala/Bala Bel.)-1164|28704.0|
Ankara(Beypazarı/Beypazarı Bel.)-1165|48558.0|
Ankara(Çamlıdere/Çamlıdere Bel.)-1166|13971.0|
Ankara(Çankaya/Çankaya Bel.)-1155|937546.0|
Ankara(Çubuk/Çubuk Bel.)-1167|99096.0|
Ankara(Elmadağ/Elmadağ Bel.)-1168|45034.0|
Ankara(Etimesgut/Etimesgut Bel.)-1156|617229.0|
Ankara(Evren/Evren Bel.)-1169|3581.0|
Ankara(Gölbaşı/Gölbaşı Bel.)-1157|157605.0|
Ankara(Güdül/Güdül Bel.)-1170|10014.0|
Ankara(Haymana/Haymana Bel.)-1171|33494.0|
Ankara(Kahramankazan/Kahramankazan Bel.)-1173|60804.0|
Ankara(Kalecik/Kalecik Bel.)-1172|13296.0|
Ankara(Keçiören/Keçiören Bel.)-1158|923404.0|
Ankara(Kızılcahamam/Kızılcahamam Bel.)-1174|31800.0|
Ankara(Mamak/Mamak Bel.)-1159|682279.0|
Ankara(Nallıhan/Nallıhan Bel.)-1175|26831.0|
Ankara(Polatlı/Polatlı Bel.)-1176|128895.0|
Ankara(Pursaklar/Pursaklar Bel.)-1205|161926.0|
Ankara(Şereflikoçhisar/Şereflikoçhisar Bel.)-1177|34122.0|
Ankara(Sincan/Sincan Bel.)-1160|571889.0|
Ankara(Yenimahalle/Yenimahalle Bel.)-1161|701638.0|
Antalya(Akseki/Akseki Bel.)-1226|11896.0|
Antalya(Aksu/Aksu Bel.)-1314|80350.0|
Antalya(Alanya/Alanya Bel.)-1227|359891.0|
Antalya(Demre/Demre Bel.)-1233|27762.0|
Antalya(Döşemealtı/Döşemealtı Bel.)-1319|86109.0|
Antalya(Elmalı/Elmalı Bel.)-1228|41240.0|
Antalya(Finike/Finike Bel.)-1229|50688.0|
Antalya(Gazipaşa/Gazipaşa Bel.)-1230|55185.0|
Antalya(Gündoğmuş/Gündoğmuş Bel.)-1231|8259.0|
Antalya(İbradı/İbradı Bel.)-1232|4243.0|
Antalya(Kaş/Kaş Bel.)-1234|64014.0|
Antalya(Kemer/Kemer Bel.)-1235|49695.0|
Antalya(Kepez/Kepez Bel.)-1309|614135.0|
Antalya(Konyaaltı/Konyaaltı Bel.)-1308|196498.0|
Antalya(Korkuteli/Korkuteli Bel.)-1222|59295.0|
Antalya(Kumluca/Kumluca Bel.)-1223|74353.0|
Antalya(Manavgat/Manavgat Bel.)-1224|258367.0|
Antalya(Muratpaşa/Muratpaşa Bel.)-1310|512700.0|
Antalya(Serik/Serik Bel.)-1225|141569.0|
Ardahan(Çıldır/Çıldır Bel.)-4079|2656.0|
Ardahan(Damal/Damal Bel.)-4083|2731.0|
Ardahan(Göle/Göle Bel.)-4080|5699.0|
Ardahan(Göle/Köprülü Bel.)-4085|1928.0|
Ardahan(Hanak/Hanak Bel.)-4081|2858.0|
Ardahan(Merkez/Ardahan Bel.)-4078|23906.0|
Ardahan(Posof/Posof Bel.)-4082|2140.0|
Artvin(Ardanuç/Ardanuç Bel.)-1331|5217.0|
Artvin(Arhavi/Arhavi Bel.)-1325|16539.0|
Artvin(Borçka/Borçka Bel.)-1327|10986.0|
Artvin(Hopa/Hopa Bel.)-1328|22506.0|
Artvin(Kemalpaşa/Kemalpaşa Bel.)-52925|6615.0|
Artvin(Merkez/Artvin Bel.)-1329|25785.0|
Artvin(Murgul/Murgul Bel.)-1330|3854.0|
Artvin(Şavşat/Şavşat Bel.)-1326|5975.0|
Artvin(Yusufeli/Yusufeli Bel.)-1324|7192.0|
Aydın(Bozdoğan/Bozdoğan Bel.)-1336|32528.0|
Aydın(Buharkent/Buharkent Bel.)-1347|13187.0|
Aydın(Çine/Çine Bel.)-1345|48585.0|
Aydın(Didim/Didim Bel.)-1339|100189.0|
Aydın(Efeler/Efeler Bel.)-52365|308039.0|
Aydın(Germencik/Germencik Bel.)-1351|44793.0|
Aydın(İncirliova/İncirliova Bel.)-1341|56934.0|
Aydın(Karacasu/Karacasu Bel.)-1352|17880.0|
Aydın(Karpuzlu/Karpuzlu Bel.)-1349|10616.0|
Aydın(Koçarlı/Koçarlı Bel.)-1348|22599.0|
Aydın(Köşk/Köşk Bel.)-1344|28440.0|
Aydın(Kuşadası/Kuşadası Bel.)-1343|133177.0|
Aydın(Kuyucak/Kuyucak Bel.)-1340|26047.0|
Aydın(Nazilli/Nazilli Bel.)-1350|162074.0|
Aydın(Söke/Söke Bel.)-1346|124217.0|
Aydın(Sultanhisar/Sultanhisar Bel.)-1338|20399.0|
Aydın(Yenipazar/Yenipazar Bel.)-1342|11998.0|
Balıkesir(Altıeylül/Altıeylül Bel.)-52381|185458.0|
Balıkesir(Ayvalık/Ayvalık Bel.)-1394|74643.0|
Balıkesir(Balya/Balya Bel.)-1392|13000.0|
Balıkesir(Bandırma/Bandırma Bel.)-1402|166836.0|
Balıkesir(Bigadiç/Bigadiç Bel.)-1391|49177.0|
Balıkesir(Burhaniye/Burhaniye Bel.)-1406|65790.0|
Balıkesir(Dursunbey/Dursunbey Bel.)-1401|33621.0|
Balıkesir(Edremit/Edremit Bel.)-1398|171700.0|
Balıkesir(Erdek/Erdek Bel.)-1405|32268.0|
Balıkesir(Gömeç/Gömeç Bel.)-1399|17556.0|
Balıkesir(Gönen/Gönen Bel.)-1396|75572.0|
Balıkesir(Havran/Havran Bel.)-1393|28287.0|
Balıkesir(İvrindi/İvrindi Bel.)-1390|31626.0|
Balıkesir(Karesi/Karesi Bel.)-52377|188846.0|
Balıkesir(Kepsut/Kepsut Bel.)-1404|21804.0|
Balıkesir(Manyas/Manyas Bel.)-1403|18190.0|
Balıkesir(Marmara/Marmara Bel.)-1400|11454.0|
Balıkesir(Savaştepe/Savaştepe Bel.)-1397|16787.0|
Balıkesir(Sındırgı/Sındırgı Bel.)-1395|32879.0|
Balıkesir(Susurluk/Susurluk Bel.)-1408|38025.0|
Bartın(Amasra/Amasra Bel.)-4070|6093.0|
Bartın(Kurucaşile/Kurucaşile Bel.)-4072|1958.0|
Bartın(Merkez/Bartın Bel.)-4069|86664.0|
Bartın(Merkez/Hasankadı Bel.)-4075|2167.0|
Bartın(Merkez/Kozcağız Bel.)-4076|7298.0|
Bartın(Ulus/Abdipaşa Bel.)-4074|2711.0|
Bartın(Ulus/Kumluca Bel.)-4073|2154.0|
Bartın(Ulus/Ulus Bel.)-4071|3558.0|
Batman(Beşiri/Beşiri Bel.)-4042|12809.0|
Batman(Beşiri/İkiköprü Bel.)-4046|3497.0|
Batman(Gercüş/Gercüş Bel.)-4038|7088.0|
Batman(Gercüş/Kayapınar Bel.)-4048|2452.0|
Batman(Hasankeyf/Hasankeyf Bel.)-4040|4315.0|
Batman(Kozluk/Bekirhan Bel.)-4043|3620.0|
Batman(Kozluk/Kozluk Bel.)-4039|28685.0|
Batman(Merkez/Balpınar Bel.)-4047|6431.0|
Batman(Merkez/Batman Bel.)-4041|464649.0|
Batman(Sason/Sason Bel.)-4037|13920.0|
Batman(Sason/Yücebağ Bel.)-4045|3521.0|
Bayburt(Aydıntepe/Aydıntepe Bel.)-3987|2780.0|
Bayburt(Demirözü/Demirözü Bel.)-3986|2264.0|
Bayburt(Demirözü/Gökçedere Bel.)-3988|2056.0|
Bayburt(Merkez/Arpalı Bel.)-3991|2360.0|
Bayburt(Merkez/Bayburt Bel.)-3985|44562.0|
Bilecik(Bozüyük/Bozüyük Bel.)-1448|72900.0|
Bilecik(Bozüyük/Dodurga Bel.)-1455|2277.0|
Bilecik(Gölpazarı/Gölpazarı Bel.)-1449|6225.0|
Bilecik(İnhisar/İnhisar Bel.)-1450|1049.0|
Bilecik(Merkez/Bayırköy Bel.)-1457|1997.0|
Bilecik(Merkez/Bilecik Bel.)-1443|70562.0|
Bilecik(Merkez/Vezirhan Bel.)-1456|3151.0|
Bilecik(Osmaneli/Osmaneli Bel.)-1447|16482.0|
Bilecik(Pazaryeri/Pazaryeri Bel.)-1446|6020.0|
Bilecik(Söğüt/Söğüt Bel.)-1445|14228.0|
Bilecik(Yenipazar/Yenipazar Bel.)-1444|1062.0|
Bingöl(Adaklı/Adaklı Bel.)-1459|3666.0|
Bingöl(Genç/Genç Bel.)-1462|20358.0|
Bingöl(Karlıova/Karlıova Bel.)-1465|7400.0|
Bingöl(Kiğı/Kiğı Bel.)-1461|2844.0|
Bingöl(Merkez/Bingöl Bel.)-1463|132563.0|
Bingöl(Merkez/Ilıcalar Bel.)-1469|3262.0|
Bingöl(Merkez/Sancak Bel.)-1468|2648.0|
Bingöl(Solhan/Arakonak Bel.)-1466|2683.0|
Bingöl(Solhan/Solhan Bel.)-1460|20198.0|
Bingöl(Yayladere/Yayladere Bel.)-1458|1005.0|
Bingöl(Yedisu/Yedisu Bel.)-1464|1390.0|
Bitlis(Adilcevaz/Adilcevaz Bel.)-1477|15059.0|
Bitlis(Adilcevaz/Aydınlar Bel.)-1484|2264.0|
Bitlis(Ahlat/Ahlat Bel.)-1474|30004.0|
Bitlis(Ahlat/Ovakışla Bel.)-1483|4118.0|
Bitlis(Güroymak/Gölbaşı Bel.)-1482|4768.0|
Bitlis(Güroymak/Günkırı Bel.)-1481|4824.0|
Bitlis(Güroymak/Güroymak Bel.)-1471|29843.0|
Bitlis(Hizan/Hizan Bel.)-1475|13194.0|
Bitlis(Merkez/Bitlis Bel.)-1476|55959.0|
Bitlis(Merkez/Yolalan Bel.)-1485|2660.0|
Bitlis(Mutki/Kavakbaşı Bel.)-1479|2192.0|
Bitlis(Mutki/Mutki Bel.)-1473|2570.0|
Bitlis(Tatvan/Tatvan Bel.)-1472|85292.0|
Bolu(Dörtdivan/Dörtdivan Bel.)-1491|2734.0|
Bolu(Gerede/Gerede Bel.)-1492|24707.0|
Bolu(Göynük/Göynük Bel.)-1493|4574.0|
Bolu(Kıbrıscık/Kıbrıscık Bel.)-1494|1087.0|
Bolu(Mengen/Gökçesu Bel.)-1495|1797.0|
Bolu(Mengen/Mengen Bel.)-1487|5374.0|
Bolu(Merkez/Bolu Bel.)-1486|186038.0|
Bolu(Merkez/Karacasu Bel.)-1498|2495.0|
Bolu(Mudurnu/Mudurnu Bel.)-1489|5221.0|
Bolu(Mudurnu/Taşkesti Bel.)-1496|2262.0|
Bolu(Seben/Seben Bel.)-1488|2406.0|
Bolu(Yeniçağa/Yeniçağa Bel.)-1490|4368.0|
Burdur(Ağlasun/Ağlasun Bel.)-1506|3996.0|
Burdur(Altınyayla/Altınyayla Bel.)-1502|2955.0|
Burdur(Bucak/Bucak Bel.)-1501|48125.0|
Burdur(Bucak/Kızılkaya Bel.)-1521|2874.0|
Burdur(Bucak/Kocaaliler Bel.)-1519|1957.0|
Burdur(Çavdır/Çavdır Bel.)-1507|5259.0|
Burdur(Çavdır/Söğüt Bel.)-1510|3301.0|
Burdur(Çeltikçi/Çeltikçi Bel.)-1499|2479.0|
Burdur(Gölhisar/Gölhisar Bel.)-1508|17157.0|
Burdur(Gölhisar/Yusufça Bel.)-52991|2292.0|
Burdur(Karamanlı/Karamanlı Bel.)-1505|6109.0|
Burdur(Kemer/Kemer Bel.)-1509|1456.0|
Burdur(Merkez/Burdur Bel.)-1504|95807.0|
Burdur(Tefenni/Tefenni Bel.)-1503|6447.0|
Burdur(Yeşilova/Yeşilova Bel.)-1500|5159.0|
Bursa(Büyükorhan/Büyükorhan Bel.)-1544|10325.0|
Bursa(Gemlik/Gemlik Bel.)-1543|122171.0|
Bursa(Gürsu/Gürsu Bel.)-1542|103770.0|
Bursa(Harmancık/Harmancık Bel.)-1541|6334.0|
Bursa(İnegöl/İnegöl Bel.)-1540|299203.0|
Bursa(İznik/İznik Bel.)-1531|44988.0|
Bursa(Karacabey/Karacabey Bel.)-1539|85765.0|
Bursa(Keles/Keles Bel.)-1538|11321.0|
Bursa(Kestel/Kestel Bel.)-1537|75954.0|
Bursa(Mudanya/Mudanya Bel.)-1536|109964.0|
Bursa(Mustafakemalpaşa/Mustafakemalpaşa Bel.)-1535|103944.0|
Bursa(Nilüfer/Nilüfer Bel.)-1530|543934.0|
Bursa(Orhaneli/Orhaneli Bel.)-1534|19527.0|
Bursa(Orhangazi/Orhangazi Bel.)-1533|81862.0|
Bursa(Osmangazi/Osmangazi Bel.)-1546|885273.0|
Bursa(Yenişehir/Yenişehir Bel.)-1532|55745.0|
Bursa(Yıldırım/Yıldırım Bel.)-1545|654491.0|
Çanakkale(Ayvacık/Ayvacık Bel.)-1595|10172.0|
Çanakkale(Ayvacık/Küçükkuyu Bel.)-1612|10792.0|
Çanakkale(Bayramiç/Bayramiç Bel.)-1585|15879.0|
Çanakkale(Biga/Biga Bel.)-1584|59819.0|
Çanakkale(Biga/Gümüşçay Bel.)-1608|1974.0|
Çanakkale(Biga/Karabiga Bel.)-1607|3206.0|
Çanakkale(Bozcaada/Bozcaada Bel.)-1593|3243.0|
Çanakkale(Çan/Çan Bel.)-1592|30910.0|
Çanakkale(Çan/Terzialan Bel.)-1606|1775.0|
Çanakkale(Eceabat/Eceabat Bel.)-1588|5764.0|
Çanakkale(Ezine/Ezine Bel.)-1586|16825.0|
Çanakkale(Ezine/Geyikli Bel.)-1605|4005.0|
Çanakkale(Gelibolu/Evreşe Bel.)-1599|2082.0|
Çanakkale(Gelibolu/Gelibolu Bel.)-1589|32423.0|
Çanakkale(Gelibolu/Kavakköy Bel.)-1598|1365.0|
Çanakkale(Gökçeada/Gökçeada Bel.)-1591|7746.0|
Çanakkale(Lapseki/Çardak Bel.)-1600|4060.0|
Çanakkale(Lapseki/Lapseki Bel.)-1590|16193.0|
Çanakkale(Lapseki/Umurbey Bel.)-1601|2345.0|
Çanakkale(Merkez/Çanakkale Bel.)-1594|146125.0|
Çanakkale(Merkez/Kepez Bel.)-1617|36264.0|
Çanakkale(Yenice/Kalkım Bel.)-1603|2482.0|
Çanakkale(Yenice/Yenice Bel.)-1587|8164.0|
Çankırı(Atkaracalar/Atkaracalar Bel.)-1621|2404.0|
Çankırı(Atkaracalar/Çardaklı Bel.)-1646|1274.0|
Çankırı(Bayramören/Bayramören Bel.)-1624|637.0|
Çankırı(Çerkeş/Çerkeş Bel.)-1622|9159.0|
Çankırı(Çerkeş/Saçak Bel.)-1645|2137.0|
Çankırı(Eldivan/Eldivan Bel.)-1619|3486.0|
Çankırı(Ilgaz/Ilgaz Bel.)-1618|7763.0|
Çankırı(Kızılırmak/Kızılırmak Bel.)-1627|2265.0|
Çankırı(Korgun/Korgun Bel.)-1626|2111.0|
Çankırı(Kurşunlu/Kurşunlu Bel.)-1625|5759.0|
Çankırı(Merkez/Çankırı Bel.)-1628|88018.0|
Çankırı(Orta/Dodurga Bel.)-1638|2003.0|
Çankırı(Orta/Kalfat Bel.)-1636|2053.0|
Çankırı(Orta/Orta Bel.)-1623|2914.0|
Çankırı(Orta/Yaylakent Bel.)-1631|4514.0|
Çankırı(Şabanözü/Şabanözü Bel.)-1629|9336.0|
Çankırı(Yapraklı/Yapraklı Bel.)-1620|1848.0|
Çorum(Alaca/Alaca Bel.)-1650|18789.0|
Çorum(Bayat/Bayat Bel.)-1655|5538.0|
Çorum(Boğazkale/Boğazkale Bel.)-1651|2477.0|
Çorum(Dodurga/Dodurga Bel.)-1659|2613.0|
Çorum(İskilip/İskilip Bel.)-1656|16857.0|
Çorum(Kargı/Kargı Bel.)-1654|5485.0|
Çorum(Laçin/Laçin Bel.)-1652|1631.0|
Çorum(Mecitözü/Mecitözü Bel.)-1649|3998.0|
Çorum(Merkez/Çorum Bel.)-1658|259596.0|
Çorum(Merkez/Düvenci Bel.)-1686|1738.0|
Çorum(Oğuzlar/Oğuzlar Bel.)-1661|2828.0|
Çorum(Ortaköy/Aştavul Bel.)-1663|2473.0|
Çorum(Ortaköy/Ortaköy Bel.)-1660|2996.0|
Çorum(Osmancık/Osmancık Bel.)-1657|29757.0|
Çorum(Sungurlu/Sungurlu Bel.)-1662|32031.0|
Çorum(Uğurludağ/Uğurludağ Bel.)-1653|4044.0|
Denizli(Acıpayam/Acıpayam Bel.)-1694|55406.0|
Denizli(Babadağ/Babadağ Bel.)-1696|6424.0|
Denizli(Baklan/Baklan Bel.)-1697|5457.0|
Denizli(Bekilli/Bekilli Bel.)-1698|6565.0|
Denizli(Beyağaç/Beyağaç Bel.)-1699|6532.0|
Denizli(Bozkurt/Bozkurt Bel.)-1700|11000.0|
Denizli(Buldan/Buldan Bel.)-1701|26542.0|
Denizli(Çal/Çal Bel.)-1702|17919.0|
Denizli(Çameli/Çameli Bel.)-1703|17814.0|
Denizli(Çardak/Çardak Bel.)-1704|8781.0|
Denizli(Çivril/Çivril Bel.)-1688|59912.0|
Denizli(Güney/Güney Bel.)-1687|9573.0|
Denizli(Honaz/Honaz Bel.)-1705|34237.0|
Denizli(Kale/Kale Bel.)-1689|19388.0|
Denizli(Merkezefendi/Merkezefendi Bel.)-52401|340400.0|
Denizli(Pamukkale/Pamukkale Bel.)-1695|346047.0|
Denizli(Sarayköy/Sarayköy Bel.)-1690|31047.0|
Denizli(Serinhisar/Serinhisar Bel.)-1691|14591.0|
Denizli(Tavas/Tavas Bel.)-1692|41447.0|
Diyarbakır(Bağlar/Bağlar Bel.)-1814|394338.0|
Diyarbakır(Bismil/Bismil Bel.)-1794|119972.0|
Diyarbakır(Çermik/Çermik Bel.)-1792|49900.0|
Diyarbakır(Çınar/Çınar Bel.)-1799|78351.0|
Diyarbakır(Çüngüş/Çüngüş Bel.)-1798|10771.0|
Diyarbakır(Dicle/Dicle Bel.)-1793|38533.0|
Diyarbakır(Eğil/Eğil Bel.)-1796|23712.0|
Diyarbakır(Ergani/Ergani Bel.)-1795|137492.0|
Diyarbakır(Hani/Hani Bel.)-1800|32777.0|
Diyarbakır(Hazro/Hazro Bel.)-1790|17772.0|
Diyarbakır(Kayapınar/Kayapınar Bel.)-1815|425143.0|
Diyarbakır(Kocaköy/Kocaköy Bel.)-1789|15537.0|
Diyarbakır(Kulp/Kulp Bel.)-1788|37576.0|
Diyarbakır(Lice/Lice Bel.)-1797|26168.0|
Diyarbakır(Silvan/Silvan Bel.)-1791|87707.0|
Diyarbakır(Sur/Sur Bel.)-1813|98938.0|
Diyarbakır(Yenişehir/Yenişehir Bel.)-1816|223446.0|
Düzce(Akçakoca/Akçakoca Bel.)-4143|27394.0|
Düzce(Çilimli/Çilimli Bel.)-4145|9872.0|
Düzce(Cumayeri/Cumayeri Bel.)-4140|10830.0|
Düzce(Gölyaka/Gölyaka Bel.)-4146|11642.0|
Düzce(Gümüşova/Gümüşova Bel.)-4142|9555.0|
Düzce(Kaynaşlı/Kaynaşlı Bel.)-4141|10376.0|
Düzce(Merkez/Beyköy Bel.)-4149|6194.0|
Düzce(Merkez/Boğaziçi Bel.)-4147|4113.0|
Düzce(Merkez/Düzce Bel.)-4139|198898.0|
Düzce(Yığılca/Yığılca Bel.)-4144|3183.0|
Edirne(Enez/Enez Bel.)-1820|4446.0|
Edirne(Havsa/Havsa Bel.)-1825|8834.0|
Edirne(İpsala/Esetçe Bel.)-1843|2143.0|
Edirne(İpsala/İpsala Bel.)-1824|8741.0|
Edirne(İpsala/Yenikarpuzlu Bel.)-1841|3008.0|
Edirne(Keşan/Beğendik Bel.)-1837|3330.0|
Edirne(Keşan/Keşan Bel.)-1819|65267.0|
Edirne(Keşan/Yenimuhacir Bel.)-1835|1961.0|
Edirne(Lalapaşa/Lalapaşa Bel.)-1823|1627.0|
Edirne(Meriç/Küplü Bel.)-1830|2165.0|
Edirne(Meriç/Meriç Bel.)-1826|2860.0|
Edirne(Meriç/Subaşı Bel.)-1831|1906.0|
Edirne(Merkez/Edirne Bel.)-1821|183110.0|
Edirne(Süloğlu/Süloğlu Bel.)-1827|3212.0|
Edirne(Uzunköprü/Kırcasalih Bel.)-1834|2567.0|
Edirne(Uzunköprü/Uzunköprü Bel.)-1822|39662.0|
Elazığ(Ağın/Ağın Bel.)-1846|1672.0|
Elazığ(Alacakaya/Alacakaya Bel.)-1854|2820.0|
Elazığ(Arıcak/Arıcak Bel.)-1851|3759.0|
Elazığ(Arıcak/Bükardı Bel.)-1864|2504.0|
Elazığ(Arıcak/Erimli Bel.)-1863|2705.0|
Elazığ(Arıcak/Üçocak Bel.)-1862|2721.0|
Elazığ(Baskil/Baskil Bel.)-1845|5044.0|
Elazığ(Karakoçan/Karakoçan Bel.)-1850|16068.0|
Elazığ(Karakoçan/Sarıcan Bel.)-1861|2006.0|
Elazığ(Keban/Keban Bel.)-1853|4191.0|
Elazığ(Kovancılar/Kovancılar Bel.)-1852|25517.0|
Elazığ(Maden/Maden Bel.)-1849|4343.0|
Elazığ(Merkez/Akçakiraz Bel.)-1870|8256.0|
Elazığ(Merkez/Elazığ Bel.)-1848|379595.0|
Elazığ(Merkez/Mollakendi Bel.)-1865|3192.0|
Elazığ(Merkez/Yazıkonak Bel.)-1869|10101.0|
Elazığ(Merkez/Yurtbaşı Bel.)-1868|7894.0|
Elazığ(Palu/Beyhan Bel.)-1858|3451.0|
Elazığ(Palu/Palu Bel.)-1847|9781.0|
Elazığ(Sivrice/Sivrice Bel.)-1855|4441.0|
Erzincan(Çayırlı/Çayırlı Bel.)-1879|3255.0|
Erzincan(İliç/İliç Bel.)-1874|5644.0|
Erzincan(Kemah/Kemah Bel.)-1872|2261.0|
Erzincan(Kemaliye/Kemaliye Bel.)-1871|2170.0|
Erzincan(Merkez/Çağlayan Bel.)-1882|1859.0|
Erzincan(Merkez/Erzincan Bel.)-1876|148454.0|
Erzincan(Merkez/Mollaköy Bel.)-1892|1546.0|
Erzincan(Otlukbeli/Otlukbeli Bel.)-1875|1487.0|
Erzincan(Refahiye/Refahiye Bel.)-1878|4209.0|
Erzincan(Tercan/Çadırkaya Bel.)-1886|1657.0|
Erzincan(Tercan/Kargın Bel.)-1885|2131.0|
Erzincan(Tercan/Mercan Bel.)-1887|1811.0|
Erzincan(Tercan/Tercan Bel.)-1877|4558.0|
Erzincan(Üzümlü/Altınbaşak Bel.)-1888|1816.0|
Erzincan(Üzümlü/Üzümlü Bel.)-1873|8950.0|
Erzurum(Aşkale/Aşkale Bel.)-1914|21410.0|
Erzurum(Aziziye/Aziziye Bel.)-1905|68251.0|
Erzurum(Çat/Çat Bel.)-1917|15457.0|
Erzurum(Hınıs/Hınıs Bel.)-1901|24419.0|
Erzurum(Horasan/Horasan Bel.)-1908|36359.0|
Erzurum(İspir/İspir Bel.)-1902|15914.0|
Erzurum(Karaçoban/Karaçoban Bel.)-1913|21961.0|
Erzurum(Karayazı/Karayazı Bel.)-1915|24559.0|
Erzurum(Köprüköy/Köprüköy Bel.)-1916|14184.0|
Erzurum(Narman/Narman Bel.)-1912|11959.0|
Erzurum(Oltu/Oltu Bel.)-1911|30296.0|
Erzurum(Olur/Olur Bel.)-1910|6737.0|
Erzurum(Palandöken/Palandöken Bel.)-1937|177109.0|
Erzurum(Pasinler/Pasinler Bel.)-1909|26833.0|
Erzurum(Pazaryolu/Pazaryolu Bel.)-1907|4290.0|
Erzurum(Şenkaya/Şenkaya Bel.)-1906|16112.0|
Erzurum(Tekman/Tekman Bel.)-1904|22686.0|
Erzurum(Tortum/Tortum Bel.)-1903|17418.0|
Erzurum(Uzundere/Uzundere Bel.)-1918|7973.0|
Erzurum(Yakutiye/Yakutiye Bel.)-1934|186066.0|
Eskişehir(Alpu/Alpu Bel.)-1949|10678.0|
Eskişehir(Beylikova/Beylikova Bel.)-1951|6016.0|
Eskişehir(Çifteler/Çifteler Bel.)-1946|14926.0|
Eskişehir(Günyüzü/Günyüzü Bel.)-1947|5679.0|
Eskişehir(Han/Han Bel.)-1950|2352.0|
Eskişehir(İnönü/İnönü Bel.)-1945|6244.0|
Eskişehir(Mahmudiye/Mahmudiye Bel.)-1952|7715.0|
Eskişehir(Mihalgazi/Mihalgazi Bel.)-1944|3037.0|
Eskişehir(Mihalıççık/Mihalıççık Bel.)-1942|8576.0|
Eskişehir(Odunpazarı/Odunpazarı Bel.)-1968|421469.0|
Eskişehir(Sarıcakaya/Sarıcakaya Bel.)-1943|4651.0|
Eskişehir(Seyitgazi/Seyitgazi Bel.)-1948|13481.0|
Eskişehir(Sivrihisar/Sivrihisar Bel.)-1941|20478.0|
Eskişehir(Tepebaşı/Tepebaşı Bel.)-1970|390116.0|
Gaziantep(Araban/Araban Bel.)-1978|33196.0|
Gaziantep(İslahiye/İslahiye Bel.)-1975|64013.0|
Gaziantep(Karkamış/Karkamış Bel.)-1977|10265.0|
Gaziantep(Nizip/Nizip Bel.)-1976|150037.0|
Gaziantep(Nurdağı/Nurdağı Bel.)-1980|39465.0|
Gaziantep(Oğuzeli/Oğuzeli Bel.)-1973|37170.0|
Gaziantep(Şahinbey/Şahinbey Bel.)-1979|939497.0|
Gaziantep(Şehitkamil/Şehitkamil Bel.)-1981|867193.0|
Gaziantep(Yavuzeli/Yavuzeli Bel.)-1974|23298.0|
Giresun(Alucra/Alucra Bel.)-2008|4171.0|
Giresun(Bulancak/Aydındere Bel.)-2027|2614.0|
Giresun(Bulancak/Bulancak Bel.)-2013|47352.0|
Giresun(Bulancak/Kovanlık Bel.)-2028|2745.0|
Giresun(Çamoluk/Çamoluk Bel.)-2001|3012.0|
Giresun(Çanakçı/Çanakçı Bel.)-2011|1764.0|
Giresun(Dereli/Dereli Bel.)-2009|5092.0|
Giresun(Dereli/Yavuzkemal Bel.)-2024|2326.0|
Giresun(Doğankent/Doğankent Bel.)-2005|3669.0|
Giresun(Espiye/Espiye Bel.)-2003|23142.0|
Giresun(Espiye/Soğukpınar Bel.)-2023|2453.0|
Giresun(Eynesil/Eynesil Bel.)-2014|7627.0|
Giresun(Eynesil/Ören Bel.)-2022|2213.0|
Giresun(Görele/Çavuşlu Bel.)-2020|2681.0|
Giresun(Görele/Görele Bel.)-2012|16274.0|
Giresun(Güce/Güce Bel.)-2007|4076.0|
Giresun(Keşap/Keşap Bel.)-2006|9059.0|
Giresun(Merkez/Duroğlu Bel.)-2029|2897.0|
Giresun(Merkez/Giresun Bel.)-2010|122309.0|
Giresun(Piraziz/Piraziz Bel.)-2004|8323.0|
Giresun(Şebinkarahisar/Şebinkarahisar Bel.)-2002|9955.0|
Giresun(Tirebolu/Tirebolu Bel.)-2015|18773.0|
Giresun(Yağlıdere/Üçtepe Bel.)-2031|1972.0|
Giresun(Yağlıdere/Yağlıdere Bel.)-2000|6733.0|
Gümüşhane(Kelkit/Deredolu Bel.)-2047|1879.0|
Gümüşhane(Kelkit/Gümüşgöze Bel.)-2046|2544.0|
Gümüşhane(Kelkit/Kelkit Bel.)-2036|16842.0|
Gümüşhane(Kelkit/Öbektaş Bel.)-2044|2095.0|
Gümüşhane(Kelkit/Söğütlü Bel.)-2039|1863.0|
Gümüşhane(Kelkit/Ünlüpınar Bel.)-2040|3051.0|
Gümüşhane(Köse/Köse Bel.)-2034|3483.0|
Gümüşhane(Kürtün/Kürtün Bel.)-2037|4151.0|
Gümüşhane(Kürtün/Özkürtün Bel.)-2042|2204.0|
Gümüşhane(Merkez/Arzularkabaköy Bel.)-2048|4585.0|
Gümüşhane(Merkez/Gümüşhane Bel.)-2038|34550.0|
Gümüşhane(Şiran/Şiran Bel.)-2035|9993.0|
Gümüşhane(Şiran/Yeşilbük Bel.)-2043|2119.0|
Gümüşhane(Torul/Torul Bel.)-2033|4725.0|
Hakkari(Çukurca/Çukurca Bel.)-2054|10252.0|
Hakkari(Derecik/Derecik Bel.)-10|13220.0|
Hakkari(Merkez/Durankaya Bel.)-2058|3786.0|
Hakkari(Merkez/Hakkari Bel.)-2051|58470.0|
Hakkari(Şemdinli/Şemdinli Bel.)-2052|18220.0|
Hakkari(Yüksekova/Büyükçiftlik Bel.)-2057|3862.0|
Hakkari(Yüksekova/Esendere Bel.)-2056|4497.0|
Hakkari(Yüksekova/Yüksekova Bel.)-2053|84800.0|
Hatay(Altınözü/Altınözü Bel.)-2060|66533.0|
Hatay(Antakya/Antakya Bel.)-52389|298620.0|
Hatay(Arsuz/Arsuz Bel.)-2113|106118.0|
Hatay(Belen/Belen Bel.)-2061|34430.0|
Hatay(Defne/Defne Bel.)-52393|142146.0|
Hatay(Dörtyol/Dörtyol Bel.)-2062|129276.0|
Hatay(Erzin/Erzin Bel.)-2063|42425.0|
Hatay(Hassa/Hassa Bel.)-2070|55604.0|
Hatay(İskenderun/İskenderun Bel.)-2065|227498.0|
Hatay(Kırıkhan/Kırıkhan Bel.)-2066|106975.0|
Hatay(Kumlu/Kumlu Bel.)-2067|14971.0|
Hatay(Payas/Payas Bel.)-2100|44131.0|
Hatay(Reyhanlı/Reyhanlı Bel.)-2068|113615.0|
Hatay(Samandağ/Samandağ Bel.)-2069|120600.0|
Hatay(Yayladağı/Yayladağı Bel.)-2064|41698.0|
Iğdır(Aralık/Aralık Bel.)-4089|5694.0|
Iğdır(Karakoyunlu/Karakoyunlu Bel.)-4088|2583.0|
Iğdır(Merkez/Halfeli Bel.)-4093|8240.0|
Iğdır(Merkez/Hoşhaber Bel.)-4092|2827.0|
Iğdır(Merkez/Iğdır Bel.)-4087|105330.0|
Iğdır(Merkez/Melekli Bel.)-4094|3389.0|
Iğdır(Tuzluca/Tuzluca Bel.)-4090|9647.0|
Isparta(Aksu/Aksu Bel.)-2141|1758.0|
Isparta(Atabey/Atabey Bel.)-2142|4737.0|
Isparta(Eğirdir/Eğirdir Bel.)-2138|16969.0|
Isparta(Eğirdir/Sarıidris Bel.)-2178|2272.0|
Isparta(Gelendost/Gelendost Bel.)-2139|5327.0|
Isparta(Gönen/Gönen Bel.)-2146|3353.0|
Isparta(Gönen/Güneykent Bel.)-2174|1926.0|
Isparta(Keçiborlu/Keçiborlu Bel.)-2143|7144.0|
Isparta(Keçiborlu/Senir Bel.)-2148|2622.0|
Isparta(Merkez/Isparta Bel.)-2145|250134.0|
Isparta(Merkez/Kuleönü Bel.)-2184|2726.0|
Isparta(Merkez/Sav Bel.)-2183|3797.0|
Isparta(Şarkikaraağaç/Çarıksaraylar Bel.)-2156|2759.0|
Isparta(Şarkikaraağaç/Çiçekpınar Bel.)-2157|2016.0|
Isparta(Şarkikaraağaç/Şarkikaraağaç Bel.)-2140|10485.0|
Isparta(Senirkent/Büyükkabaca Bel.)-2150|3791.0|
Isparta(Senirkent/Senirkent Bel.)-2137|4675.0|
Isparta(Sütçüler/Sütçüler Bel.)-2144|2538.0|
Isparta(Uluborlu/Uluborlu Bel.)-2136|5474.0|
Isparta(Yalvaç/Hüyüklü Bel.)-2159|1928.0|
Isparta(Yalvaç/Yalvaç Bel.)-2135|22358.0|
Isparta(Yenişarbademli/Yenişarbademli Bel.)-2147|2182.0|
İstanbul(Adalar/Adalar Bel.)-2258|16325.0|
İstanbul(Arnavutköy/Arnavutköy Bel.)-2298|336062.0|
İstanbul(Ataşehir/Ataşehir Bel.)-4507|416529.0|
İstanbul(Avcılar/Avcılar Bel.)-2259|437221.0|
İstanbul(Bağcılar/Bağcılar Bel.)-2260|719071.0|
İstanbul(Bahçelievler/Bahçelievler Bel.)-2261|567848.0|
İstanbul(Bakırköy/Bakırköy Bel.)-2262|220476.0|
İstanbul(Başakşehir/Başakşehir Bel.)-4508|509915.0|
İstanbul(Bayrampaşa/Bayrampaşa Bel.)-2263|268850.0|
İstanbul(Beşiktaş/Beşiktaş Bel.)-2264|169022.0|
İstanbul(Beykoz/Beykoz Bel.)-2265|245647.0|
İstanbul(Beylikdüzü/Beylikdüzü Bel.)-2316|409347.0|
İstanbul(Beyoğlu/Beyoğlu Bel.)-2266|218589.0|
İstanbul(Büyükçekmece/Büyükçekmece Bel.)-2285|276572.0|
İstanbul(Çatalca/Çatalca Bel.)-2286|80007.0|
İstanbul(Çekmeköy/Çekmeköy Bel.)-2308|299806.0|
İstanbul(Esenler/Esenler Bel.)-2268|427901.0|
İstanbul(Esenyurt/Esenyurt Bel.)-2313|978007.0|
İstanbul(Eyüpsultan/Eyüpsultan Bel.)-2269|420194.0|
İstanbul(Fatih/Fatih Bel.)-2270|356025.0|
İstanbul(Gaziosmanpaşa/Gaziosmanpaşa Bel.)-2271|483830.0|
İstanbul(Güngören/Güngören Bel.)-2272|269944.0|
İstanbul(Kadıköy/Kadıköy Bel.)-2273|467919.0|
İstanbul(Kağıthane/Kağıthane Bel.)-2274|445672.0|
İstanbul(Kartal/Kartal Bel.)-2275|475042.0|
İstanbul(Küçükçekmece/Küçükçekmece Bel.)-2276|792030.0|
İstanbul(Maltepe/Maltepe Bel.)-2277|523137.0|
İstanbul(Pendik/Pendik Bel.)-2278|743774.0|
İstanbul(Sancaktepe/Sancaktepe Bel.)-4509|492804.0|
İstanbul(Sarıyer/Sarıyer Bel.)-2279|344250.0|
İstanbul(Şile/Şile Bel.)-2288|48537.0|
İstanbul(Silivri/Silivri Bel.)-2257|221723.0|
İstanbul(Şişli/Şişli Bel.)-2280|264736.0|
İstanbul(Sultanbeyli/Sultanbeyli Bel.)-2287|360702.0|
İstanbul(Sultangazi/Sultangazi Bel.)-4510|532802.0|
İstanbul(Tuzla/Tuzla Bel.)-2281|293604.0|
İstanbul(Ümraniye/Ümraniye Bel.)-2282|723760.0|
İstanbul(Üsküdar/Üsküdar Bel.)-2283|517348.0|
İstanbul(Zeytinburnu/Zeytinburnu Bel.)-2284|280896.0|
İzmir(Aliağa/Aliağa Bel.)-2344|106168.0|
İzmir(Balçova/Balçova Bel.)-2335|77831.0|
İzmir(Bayındır/Bayındır Bel.)-2345|40618.0|
İzmir(Bayraklı/Bayraklı Bel.)-4511|300949.0|
İzmir(Bergama/Bergama Bel.)-2346|107133.0|
İzmir(Beydağ/Beydağ Bel.)-2347|12094.0|
İzmir(Bornova/Bornova Bel.)-2336|447553.0|
İzmir(Buca/Buca Bel.)-2337|523487.0|
İzmir(Çeşme/Çeşme Bel.)-2348|50028.0|
İzmir(Çiğli/Çiğli Bel.)-2338|215172.0|
İzmir(Dikili/Dikili Bel.)-2349|48379.0|
İzmir(Foça/Foça Bel.)-2350|36000.0|
İzmir(Gaziemir/Gaziemir Bel.)-2339|137768.0|
İzmir(Güzelbahçe/Güzelbahçe Bel.)-2340|38044.0|
İzmir(Karabağlar/Karabağlar Bel.)-4512|476500.0|
İzmir(Karaburun/Karaburun Bel.)-2351|13379.0|
İzmir(Karşıyaka/Karşıyaka Bel.)-2341|341857.0|
İzmir(Kemalpaşa/Kemalpaşa Bel.)-2352|117956.0|
İzmir(Kınık/Kınık Bel.)-2353|29205.0|
İzmir(Kiraz/Kiraz Bel.)-2354|43572.0|
İzmir(Konak/Konak Bel.)-2342|327300.0|
İzmir(Menderes/Menderes Bel.)-2355|109356.0|
İzmir(Menemen/Menemen Bel.)-2356|207748.0|
İzmir(Narlıdere/Narlıdere Bel.)-2343|62148.0|
İzmir(Ödemiş/Ödemiş Bel.)-2331|132650.0|
İzmir(Seferihisar/Seferihisar Bel.)-2357|58570.0|
İzmir(Selçuk/Selçuk Bel.)-2358|38467.0|
İzmir(Tire/Tire Bel.)-2332|87935.0|
İzmir(Torbalı/Torbalı Bel.)-2333|214059.0|
İzmir(Urla/Urla Bel.)-2334|77599.0|
Kahramanmaraş(Afşin/Afşin Bel.)-3045|78152.0|
Kahramanmaraş(Andırın/Andırın Bel.)-3043|32581.0|
Kahramanmaraş(Çağlayancerit/Çağlayancerit Bel.)-3044|23159.0|
Kahramanmaraş(Dulkadiroğlu/Dulkadiroğlu Bel.)-52467|214608.0|
Kahramanmaraş(Ekinözü/Ekinözü Bel.)-3038|10471.0|
Kahramanmaraş(Elbistan/Elbistan Bel.)-3042|127755.0|
Kahramanmaraş(Göksun/Göksun Bel.)-3047|49119.0|
Kahramanmaraş(Nurhak/Nurhak Bel.)-3040|11984.0|
Kahramanmaraş(Onikişubat/Onikişubat Bel.)-52471|427272.0|
Kahramanmaraş(Pazarcık/Pazarcık Bel.)-3046|67262.0|
Kahramanmaraş(Türkoğlu/Türkoğlu Bel.)-3041|74255.0|
Karabük(Eflani/Eflani Bel.)-4111|2155.0|
Karabük(Eskipazar/Eskipazar Bel.)-4112|6285.0|
Karabük(Merkez/Karabük Bel.)-4110|120838.0|
Karabük(Ovacık/Ovacık Bel.)-4113|578.0|
Karabük(Safranbolu/Safranbolu Bel.)-4115|51911.0|
Karabük(Yenice/Yenice Bel.)-4114|9604.0|
Karabük(Yenice/Yortan Bel.)-4117|1703.0|
Karaman(Ayrancı/Ayrancı Bel.)-3996|2431.0|
Karaman(Başyayla/Başyayla Bel.)-3999|1944.0|
Karaman(Ermenek/Ermenek Bel.)-3998|11557.0|
Karaman(Ermenek/Güneyyurt Bel.)-4001|5096.0|
Karaman(Ermenek/Kazancı Bel.)-4002|2410.0|
Karaman(Kazımkarabekir/Kazımkarabekir Bel.)-3995|3605.0|
Karaman(Merkez/Akçaşehir Bel.)-4009|2621.0|
Karaman(Merkez/Karaman Bel.)-3997|176071.0|
Karaman(Merkez/Sudurağı Bel.)-4007|2458.0|
Karaman(Sarıveliler/Göktepe Bel.)-4008|2312.0|
Karaman(Sarıveliler/Sarıveliler Bel.)-3994|5664.0|
Kars(Akyaka/Akyaka Bel.)-2420|2189.0|
Kars(Arpaçay/Arpaçay Bel.)-2421|2406.0|
Kars(Digor/Dağpınar Bel.)-2427|3184.0|
Kars(Digor/Digor Bel.)-2422|2441.0|
Kars(Kağızman/Kağızman Bel.)-2425|20991.0|
Kars(Merkez/Kars Bel.)-2419|96700.0|
Kars(Sarıkamış/Sarıkamış Bel.)-2426|15561.0|
Kars(Selim/Selim Bel.)-2423|5714.0|
Kars(Susuz/Susuz Bel.)-2424|2026.0|
Kastamonu(Abana/Abana Bel.)-2430|3663.0|
Kastamonu(Ağlı/Ağlı Bel.)-2431|2542.0|
Kastamonu(Araç/Araç Bel.)-2432|6485.0|
Kastamonu(Azdavay/Azdavay Bel.)-2433|3073.0|
Kastamonu(Bozkurt/Bozkurt Bel.)-2434|5071.0|
Kastamonu(Çatalzeytin/Çatalzeytin Bel.)-2436|3677.0|
Kastamonu(Cide/Cide Bel.)-2435|11217.0|
Kastamonu(Daday/Daday Bel.)-2437|2639.0|
Kastamonu(Devrekani/Devrekani Bel.)-2438|4954.0|
Kastamonu(Doğanyurt/Doğanyurt Bel.)-2439|1101.0|
Kastamonu(Hanönü/Hanönü Bel.)-2440|2171.0|
Kastamonu(İhsangazi/İhsangazi Bel.)-2441|2706.0|
Kastamonu(İnebolu/İnebolu Bel.)-2442|9878.0|
Kastamonu(Küre/Küre Bel.)-2443|2440.0|
Kastamonu(Merkez/Kastamonu Bel.)-2429|127491.0|
Kastamonu(Pınarbaşı/Pınarbaşı Bel.)-2444|2420.0|
Kastamonu(Şenpazar/Şenpazar Bel.)-2446|1837.0|
Kastamonu(Seydiler/Seydiler Bel.)-2445|3114.0|
Kastamonu(Taşköprü/Taşköprü Bel.)-2447|15587.0|
Kastamonu(Tosya/Tosya Bel.)-2448|28842.0|
Kayseri(Akkışla/Akkışla Bel.)-2455|6246.0|
Kayseri(Bünyan/Bünyan Bel.)-2456|30834.0|
Kayseri(Develi/Develi Bel.)-2457|67918.0|
Kayseri(Felahiye/Felahiye Bel.)-2458|6550.0|
Kayseri(Hacılar/Hacılar Bel.)-2459|12979.0|
Kayseri(İncesu/İncesu Bel.)-2460|30477.0|
Kayseri(Kocasinan/Kocasinan Bel.)-2453|407600.0|
Kayseri(Melikgazi/Melikgazi Bel.)-2454|585483.0|
Kayseri(Özvatan/Özvatan Bel.)-2461|4523.0|
Kayseri(Pınarbaşı/Pınarbaşı Bel.)-2462|24172.0|
Kayseri(Sarıoğlan/Sarıoğlan Bel.)-2463|15394.0|
Kayseri(Sarız/Sarız Bel.)-2464|11278.0|
Kayseri(Talas/Talas Bel.)-2465|168172.0|
Kayseri(Tomarza/Tomarza Bel.)-2466|22041.0|
Kayseri(Yahyalı/Yahyalı Bel.)-2451|36078.0|
Kayseri(Yeşilhisar/Yeşilhisar Bel.)-2452|15938.0|
Kilis(Elbeyli/Elbeyli Bel.)-4119|2240.0|
Kilis(Merkez/Kilis Bel.)-4118|116973.0|
Kilis(Musabeyli/Musabeyli Bel.)-4121|1322.0|
Kilis(Polateli/Polateli Bel.)-4120|1268.0|
Kırıkkale(Bahşılı/Bahşılı Bel.)-4013|6275.0|
Kırıkkale(Balışeyh/Balışeyh Bel.)-4015|2275.0|
Kırıkkale(Çelebi/Çelebi Bel.)-4017|1689.0|
Kırıkkale(Delice/Çerikli Bel.)-4020|2941.0|
Kırıkkale(Delice/Delice Bel.)-4016|2970.0|
Kırıkkale(Karakeçili/Karakeçili Bel.)-4010|3159.0|
Kırıkkale(Keskin/Keskin Bel.)-4014|8854.0|
Kırıkkale(Merkez/Hacılar Bel.)-4032|4196.0|
Kırıkkale(Merkez/Kırıkkale Bel.)-4012|179710.0|
Kırıkkale(Sulakyurt/Sulakyurt Bel.)-4018|2181.0|
Kırıkkale(Yahşihan/Yahşihan Bel.)-4011|36984.0|
Kırklareli(Babaeski/Alpullu Bel.)-2539|2236.0|
Kırklareli(Babaeski/Babaeski Bel.)-2522|28873.0|
Kırklareli(Babaeski/Büyükmandıra Bel.)-2538|3297.0|
Kırklareli(Babaeski/Karahalil Bel.)-2536|1536.0|
Kırklareli(Demirköy/Demirköy Bel.)-2521|3783.0|
Kırklareli(Demirköy/İğneada Bel.)-2535|2874.0|
Kırklareli(Kofçaz/Kofçaz Bel.)-2518|752.0|
Kırklareli(Lüleburgaz/Ahmetbey Bel.)-2529|3600.0|
Kırklareli(Lüleburgaz/Büyükkarıştıran Bel.)-2528|6545.0|
Kırklareli(Lüleburgaz/Evrensekiz Bel.)-2530|3093.0|
Kırklareli(Lüleburgaz/Lüleburgaz Bel.)-2525|126090.0|
Kırklareli(Merkez/İnece Bel.)-2541|1714.0|
Kırklareli(Merkez/Kavaklı Bel.)-2543|4415.0|
Kırklareli(Merkez/Kırklareli Bel.)-2519|88148.0|
Kırklareli(Merkez/Üsküp Bel.)-2540|2321.0|
Kırklareli(Pehlivanköy/Pehlivanköy Bel.)-2524|1684.0|
Kırklareli(Pınarhisar/Kaynarca Bel.)-2531|1963.0|
Kırklareli(Pınarhisar/Pınarhisar Bel.)-2523|10908.0|
Kırklareli(Vize/Çakıllı Bel.)-2533|2053.0|
Kırklareli(Vize/Kıyıköy Bel.)-2534|2323.0|
Kırklareli(Vize/Vize Bel.)-2520|15291.0|
Kırşehir(Akçakent/Akçakent Bel.)-2548|876.0|
Kırşehir(Akpınar/Akpınar Bel.)-2544|2946.0|
Kırşehir(Boztepe/Boztepe Bel.)-2545|2982.0|
Kırşehir(Çiçekdağı/Çiçekdağı Bel.)-2550|6968.0|
Kırşehir(Çiçekdağı/Köseli Bel.)-2555|2480.0|
Kırşehir(Kaman/Kaman Bel.)-2547|21122.0|
Kırşehir(Kaman/Kurancılı Bel.)-2562|1898.0|
Kırşehir(Merkez/Kırşehir Bel.)-2549|150017.0|
Kırşehir(Merkez/Özbağ Bel.)-2571|3286.0|
Kırşehir(Mucur/Mucur Bel.)-2546|12923.0|
Kocaeli(Başiskele/Başiskele Bel.)-2584|121278.0|
Kocaeli(Çayırova/Çayırova Bel.)-2592|153301.0|
Kocaeli(Darıca/Darıca Bel.)-2596|227892.0|
Kocaeli(Derince/Derince Bel.)-2576|146409.0|
Kocaeli(Dilovası/Dilovası Bel.)-2593|54391.0|
Kocaeli(Gebze/Gebze Bel.)-2580|407436.0|
Kocaeli(Gölcük/Gölcük Bel.)-2578|177441.0|
Kocaeli(İzmit/İzmit Bel.)-2616|378656.0|
Kocaeli(Kandıra/Kandıra Bel.)-2577|53845.0|
Kocaeli(Karamürsel/Karamürsel Bel.)-2575|59952.0|
Kocaeli(Kartepe/Kartepe Bel.)-2615|142175.0|
Kocaeli(Körfez/Körfez Bel.)-2579|180131.0|
Konya(Ahırlı/Ahırlı Bel.)-2644|5027.0|
Konya(Akören/Akören Bel.)-2645|5902.0|
Konya(Akşehir/Akşehir Bel.)-2646|92946.0|
Konya(Altınekin/Altınekin Bel.)-2647|14851.0|
Konya(Beyşehir/Beyşehir Bel.)-2648|79030.0|
Konya(Bozkır/Bozkır Bel.)-2620|25885.0|
Konya(Çeltik/Çeltik Bel.)-2633|10324.0|
Konya(Cihanbeyli/Cihanbeyli Bel.)-2632|50922.0|
Konya(Çumra/Çumra Bel.)-2634|68543.0|
Konya(Derbent/Derbent Bel.)-2635|4160.0|
Konya(Derebucak/Derebucak Bel.)-2636|5790.0|
Konya(Doğanhisar/Doğanhisar Bel.)-2637|14815.0|
Konya(Emirgazi/Emirgazi Bel.)-2638|7945.0|
Konya(Ereğli/Ereğli Bel.)-2639|153849.0|
Konya(Güneysınır/Güneysınır Bel.)-2640|9415.0|
Konya(Hadim/Hadim Bel.)-2622|11459.0|
Konya(Halkapınar/Halkapınar Bel.)-2623|4183.0|
Konya(Hüyük/Hüyük Bel.)-2624|15431.0|
Konya(Ilgın/Ilgın Bel.)-2625|53707.0|
Konya(Kadınhanı/Kadınhanı Bel.)-2626|31852.0|
Konya(Karapınar/Karapınar Bel.)-2627|51166.0|
Konya(Karatay/Karatay Bel.)-2641|375919.0|
Konya(Kulu/Kulu Bel.)-2628|52447.0|
Konya(Meram/Meram Bel.)-2642|347341.0|
Konya(Sarayönü/Sarayönü Bel.)-2629|28967.0|
Konya(Selçuklu/Selçuklu Bel.)-2643|695771.0|
Konya(Seydişehir/Seydişehir Bel.)-2630|65928.0|
Konya(Taşkent/Taşkent Bel.)-2631|6976.0|
Konya(Tuzlukçu/Tuzlukçu Bel.)-2649|6546.0|
Konya(Yalıhüyük/Yalıhüyük Bel.)-2650|1854.0|
Konya(Yunak/Yunak Bel.)-2621|21290.0|
Kütahya(Altıntaş/Altıntaş Bel.)-2828|5186.0|
Kütahya(Aslanapa/Aslanapa Bel.)-2829|1865.0|
Kütahya(Çavdarhisar/Çavdarhisar Bel.)-2830|2138.0|
Kütahya(Domaniç/Çukurca Bel.)-2852|1964.0|
Kütahya(Domaniç/Domaniç Bel.)-2837|4817.0|
Kütahya(Dumlupınar/Dumlupınar Bel.)-2832|1346.0|
Kütahya(Emet/Emet Bel.)-2833|10951.0|
Kütahya(Gediz/Eskigediz Bel.)-2862|2888.0|
Kütahya(Gediz/Gediz Bel.)-2834|26119.0|
Kütahya(Gediz/Gökler Bel.)-2865|2023.0|
Kütahya(Gediz/Yenikent Bel.)-2870|2339.0|
Kütahya(Hisarcık/Hisarcık Bel.)-2835|4843.0|
Kütahya(Merkez/Kütahya Bel.)-2827|257075.0|
Kütahya(Merkez/Seyitömer Bel.)-2848|1972.0|
Kütahya(Pazarlar/Pazarlar Bel.)-2836|3214.0|
Kütahya(Şaphane/Şaphane Bel.)-2825|2945.0|
Kütahya(Simav/Akdağ Bel.)-2879|1998.0|
Kütahya(Simav/Çitgöl Bel.)-2883|3529.0|
Kütahya(Simav/Demirci Bel.)-2884|2418.0|
Kütahya(Simav/Güney Bel.)-2885|1515.0|
Kütahya(Simav/Kuşu Bel.)-52913|1784.0|
Kütahya(Simav/Naşa Bel.)-2892|1841.0|
Kütahya(Simav/Simav Bel.)-2831|27970.0|
Kütahya(Tavşanlı/Balıköy Bel.)-2841|1637.0|
Kütahya(Tavşanlı/Kuruçay Bel.)-2844|1759.0|
Kütahya(Tavşanlı/Tavşanlı Bel.)-2826|72645.0|
Kütahya(Tavşanlı/Tepecik Bel.)-2845|2642.0|
Kütahya(Tavşanlı/Tunçbilek Bel.)-2846|4772.0|
Malatya(Akçadağ/Akçadağ Bel.)-2906|34322.0|
Malatya(Arapgir/Arapgir Bel.)-2903|10641.0|
Malatya(Arguvan/Arguvan Bel.)-2901|7708.0|
Malatya(Battalgazi/Battalgazi Bel.)-2900|269150.0|
Malatya(Darende/Darende Bel.)-2909|26318.0|
Malatya(Doğanşehir/Doğanşehir Bel.)-2913|35936.0|
Malatya(Doğanyol/Doğanyol Bel.)-2907|4436.0|
Malatya(Hekimhan/Hekimhan Bel.)-2904|20106.0|
Malatya(Kale/Kale Bel.)-2911|6492.0|
Malatya(Kuluncak/Kuluncak Bel.)-2910|8549.0|
Malatya(Pütürge/Pütürge Bel.)-2908|15779.0|
Malatya(Yazıhan/Yazıhan Bel.)-2905|16370.0|
Malatya(Yeşilyurt/Yeşilyurt Bel.)-2902|286918.0|
Manisa(Ahmetli/Ahmetli Bel.)-2958|17370.0|
Manisa(Akhisar/Akhisar Bel.)-2959|178812.0|
Manisa(Alaşehir/Alaşehir Bel.)-2960|105397.0|
Manisa(Demirci/Demirci Bel.)-2961|35868.0|
Manisa(Gölmarmara/Gölmarmara Bel.)-2962|15211.0|
Manisa(Gördes/Gördes Bel.)-2963|26240.0|
Manisa(Kırkağaç/Kırkağaç Bel.)-2964|37823.0|
Manisa(Köprübaşı/Köprübaşı Bel.)-2965|12752.0|
Manisa(Kula/Kula Bel.)-2966|43361.0|
Manisa(Salihli/Salihli Bel.)-2967|165182.0|
Manisa(Sarıgöl/Sarıgöl Bel.)-2968|35519.0|
Manisa(Saruhanlı/Saruhanlı Bel.)-2955|57452.0|
Manisa(Şehzadeler/Şehzadeler Bel.)-52417|166541.0|
Manisa(Selendi/Selendi Bel.)-2954|19115.0|
Manisa(Soma/Soma Bel.)-2969|111276.0|
Manisa(Turgutlu/Turgutlu Bel.)-2956|177071.0|
Manisa(Yunusemre/Yunusemre Bel.)-52421|270726.0|
Mardin(Artuklu/Artuklu Bel.)-52447|194073.0|
Mardin(Dargeçit/Dargeçit Bel.)-3107|28434.0|
Mardin(Derik/Derik Bel.)-3102|62475.0|
Mardin(Kızıltepe/Kızıltepe Bel.)-3108|271307.0|
Mardin(Mazıdağı/Mazıdağı Bel.)-3106|37399.0|
Mardin(Midyat/Midyat Bel.)-3109|122308.0|
Mardin(Nusaybin/Nusaybin Bel.)-3110|118640.0|
Mardin(Ömerli/Ömerli Bel.)-3111|14571.0|
Mardin(Savur/Savur Bel.)-3105|26173.0|
Mardin(Yeşilli/Yeşilli Bel.)-3103|13494.0|
Mersin(Akdeniz/Akdeniz Bel.)-2233|260879.0|
Mersin(Anamur/Anamur Bel.)-2194|66940.0|
Mersin(Aydıncık/Aydıncık Bel.)-2187|11662.0|
Mersin(Bozyazı/Bozyazı Bel.)-2188|26985.0|
Mersin(Çamlıyayla/Çamlıyayla Bel.)-2195|8692.0|
Mersin(Erdemli/Erdemli Bel.)-2190|153967.0|
Mersin(Gülnar/Gülnar Bel.)-2191|33986.0|
Mersin(Mezitli/Mezitli Bel.)-2243|223424.0|
Mersin(Mut/Mut Bel.)-2192|63516.0|
Mersin(Silifke/Silifke Bel.)-2193|137047.0|
Mersin(Tarsus/Tarsus Bel.)-2189|353469.0|
Mersin(Toroslar/Toroslar Bel.)-2255|320377.0|
Mersin(Yenişehir/Yenişehir Bel.)-2235|277445.0|
Muğla(Bodrum/Bodrum Bel.)-3134|198335.0|
Muğla(Dalaman/Dalaman Bel.)-3143|49044.0|
Muğla(Datça/Datça Bel.)-3141|25649.0|
Muğla(Fethiye/Fethiye Bel.)-3139|177569.0|
Muğla(Kavaklıdere/Kavaklıdere Bel.)-3138|10975.0|
Muğla(Köyceğiz/Köyceğiz Bel.)-3144|40665.0|
Muğla(Marmaris/Marmaris Bel.)-3133|96778.0|
Muğla(Menteşe/Menteşe Bel.)-52569|123227.0|
Muğla(Milas/Milas Bel.)-3136|149691.0|
Muğla(Ortaca/Ortaca Bel.)-3142|56056.0|
Muğla(Seydikemer/Seydikemer Bel.)-3155|65851.0|
Muğla(Ula/Ula Bel.)-3140|27282.0|
Muğla(Yatağan/Yatağan Bel.)-3137|45614.0|
Muş(Bulanık/Bulanık Bel.)-3197|26417.0|
Muş(Bulanık/Elmakaya Bel.)-3201|2457.0|
Muş(Bulanık/Erentepe Bel.)-3204|3778.0|
Muş(Bulanık/Rüstemgedik Bel.)-3202|2052.0|
Muş(Bulanık/Sarıpınar Bel.)-3209|2207.0|
Muş(Bulanık/Uzgörür Bel.)-3206|1828.0|
Muş(Bulanık/Yoncalı Bel.)-3203|2016.0|
Muş(Hasköy/Düzkışla Bel.)-3210|3044.0|
Muş(Hasköy/Hasköy Bel.)-3195|13731.0|
Muş(Korkut/Altınova Bel.)-3211|2629.0|
Muş(Korkut/Korkut Bel.)-3199|3571.0|
Muş(Malazgirt/Konakkuran Bel.)-3214|1393.0|
Muş(Malazgirt/Malazgirt Bel.)-3196|19261.0|
Muş(Merkez/Karaağaçlı Bel.)-3221|2850.0|
Muş(Merkez/Kırköy Bel.)-3220|1933.0|
Muş(Merkez/Kızılağaç Bel.)-3218|3173.0|
Muş(Merkez/Konukbekler Bel.)-3200|2807.0|
Muş(Merkez/Muş Bel.)-3198|119270.0|
Muş(Merkez/Serinova Bel.)-3217|2288.0|
Muş(Merkez/Sungu Bel.)-3219|6290.0|
Muş(Merkez/Yaygın Bel.)-3215|3890.0|
Muş(Merkez/Yeşilova Bel.)-3216|1816.0|
Muş(Varto/Varto Bel.)-3194|10901.0|
Nevşehir(Acıgöl/Acıgöl Bel.)-3224|6133.0|
Nevşehir(Acıgöl/Karapınar Bel.)-3231|2963.0|
Nevşehir(Acıgöl/Tatların Bel.)-3233|2174.0|
Nevşehir(Avanos/Avanos Bel.)-3229|14831.0|
Nevşehir(Avanos/Çalış Bel.)-3240|1995.0|
Nevşehir(Avanos/Kalaba Bel.)-3241|4361.0|
Nevşehir(Avanos/Özkonak Bel.)-3234|3266.0|
Nevşehir(Derinkuyu/Derinkuyu Bel.)-3223|11000.0|
Nevşehir(Derinkuyu/Yazıhüyük Bel.)-3243|3722.0|
Nevşehir(Gülşehir/Gülşehir Bel.)-3227|12619.0|
Nevşehir(Hacıbektaş/Hacıbektaş Bel.)-3226|5249.0|
Nevşehir(Kozaklı/Kozaklı Bel.)-3222|7896.0|
Nevşehir(Merkez/Çat Bel.)-3266|2078.0|
Nevşehir(Merkez/Göre Bel.)-3264|2621.0|
Nevşehir(Merkez/Göreme Bel.)-3263|2429.0|
Nevşehir(Merkez/Kavak Bel.)-3262|2614.0|
Nevşehir(Merkez/Kaymaklı Bel.)-3261|4490.0|
Nevşehir(Merkez/Nar Bel.)-3260|5238.0|
Nevşehir(Merkez/Nevşehir Bel.)-3228|125781.0|
Nevşehir(Merkez/Sulusaray Bel.)-3259|2039.0|
Nevşehir(Merkez/Uçhisar Bel.)-3258|3845.0|
Nevşehir(Ürgüp/Ortahisar Bel.)-3265|3099.0|
Nevşehir(Ürgüp/Ürgüp Bel.)-3225|25076.0|
Niğde(Altunhisar/Altunhisar Bel.)-3268|3569.0|
Niğde(Altunhisar/Karakapı Bel.)-3293|3347.0|
Niğde(Altunhisar/Keçikalesi Bel.)-3294|2970.0|
Niğde(Bor/Bahçeli Bel.)-3302|2625.0|
Niğde(Bor/Bor Bel.)-3272|41567.0|
Niğde(Bor/Çukurkuyu Bel.)-3298|2841.0|
Niğde(Bor/Kemerhisar Bel.)-3301|5941.0|
Niğde(Çamardı/Çamardı Bel.)-3267|4104.0|
Niğde(Çiftlik/Azatlı Bel.)-3305|4089.0|
Niğde(Çiftlik/Bozköy Bel.)-3306|4901.0|
Niğde(Çiftlik/Çiftlik Bel.)-3269|5260.0|
Niğde(Çiftlik/Divarlı Bel.)-3307|4524.0|
Niğde(Merkez/Aktaş Bel.)-3318|2397.0|
Niğde(Merkez/Alay Bel.)-3286|3256.0|
Niğde(Merkez/Bağlama Bel.)-3287|2398.0|
Niğde(Merkez/Değirmenli Bel.)-3313|2070.0|
Niğde(Merkez/Dündarlı Bel.)-3273|2554.0|
Niğde(Merkez/Edikli Bel.)-3274|4749.0|
Niğde(Merkez/Gümüşler Bel.)-3276|3205.0|
Niğde(Merkez/Hacıabdullah Bel.)-3277|3007.0|
Niğde(Merkez/Karaatlı Bel.)-3281|3540.0|
Niğde(Merkez/Kiledere Bel.)-3289|5540.0|
Niğde(Merkez/Konaklı Bel.)-3290|3096.0|
Niğde(Merkez/Niğde Bel.)-3271|163854.0|
Niğde(Merkez/Orhanlı Bel.)-3291|3459.0|
Niğde(Merkez/Sazlıca Bel.)-3284|4206.0|
Niğde(Merkez/Yeşilgölcük Bel.)-3285|5483.0|
Niğde(Merkez/Yıldıztepe Bel.)-3280|2155.0|
Niğde(Ulukışla/Ulukışla Bel.)-3270|6182.0|
Ordu(Akkuş/Akkuş Bel.)-3337|22456.0|
Ordu(Altınordu/Altınordu Bel.)-52405|225349.0|
Ordu(Aybastı/Aybastı Bel.)-3321|20966.0|
Ordu(Çamaş/Çamaş Bel.)-3322|10232.0|
Ordu(Çatalpınar/Çatalpınar Bel.)-3323|14014.0|
Ordu(Çaybaşı/Çaybaşı Bel.)-3324|12625.0|
Ordu(Fatsa/Fatsa Bel.)-3325|125399.0|
Ordu(Gölköy/Gölköy Bel.)-3326|26970.0|
Ordu(Gülyalı/Gülyalı Bel.)-3327|9243.0|
Ordu(Gürgentepe/Gürgentepe Bel.)-3328|15543.0|
Ordu(İkizce/İkizce Bel.)-3329|14013.0|
Ordu(Kabadüz/Kabadüz Bel.)-3330|7548.0|
Ordu(Kabataş/Kabataş Bel.)-3331|11011.0|
Ordu(Korgan/Korgan Bel.)-3332|28144.0|
Ordu(Kumru/Kumru Bel.)-3333|29704.0|
Ordu(Mesudiye/Mesudiye Bel.)-3334|15357.0|
Ordu(Perşembe/Perşembe Bel.)-3335|31278.0|
Ordu(Ulubey/Ulubey Bel.)-3336|23033.0|
Ordu(Ünye/Ünye Bel.)-3320|132915.0|
Osmaniye(Bahçe/Bahçe Bel.)-4125|16244.0|
Osmaniye(Düziçi/Atalan Bel.)-4135|1697.0|
Osmaniye(Düziçi/Böcekli Bel.)-4134|2749.0|
Osmaniye(Düziçi/Düziçi Bel.)-4124|55667.0|
Osmaniye(Düziçi/Ellek Bel.)-4133|6619.0|
Osmaniye(Düziçi/Yarbaşı Bel.)-4132|4269.0|
Osmaniye(Hasanbeyli/Hasanbeyli Bel.)-4128|2956.0|
Osmaniye(Kadirli/Kadirli Bel.)-4127|96782.0|
Osmaniye(Merkez/Cevdetiye Bel.)-4138|6139.0|
Osmaniye(Merkez/Osmaniye Bel.)-4129|243403.0|
Osmaniye(Sumbas/Mehmetli Bel.)-4130|2339.0|
Osmaniye(Sumbas/Sumbas Bel.)-4126|2192.0|
Osmaniye(Toprakkale/Toprakkale Bel.)-4123|11816.0|
Osmaniye(Toprakkale/Türkmen Bel.)-52883|7438.0|
Rize(Ardeşen/Ardeşen Bel.)-3401|27607.0|
Rize(Ardeşen/Tunca Bel.)-3407|2264.0|
Rize(Çamlıhemşin/Çamlıhemşin Bel.)-3391|1971.0|
Rize(Çayeli/Büyükköy Bel.)-3405|2372.0|
Rize(Çayeli/Çayeli Bel.)-3399|22334.0|
Rize(Çayeli/Madenli Bel.)-3406|3361.0|
Rize(Derepazarı/Derepazarı Bel.)-3396|4391.0|
Rize(Fındıklı/Fındıklı Bel.)-3398|11809.0|
Rize(Güneysu/Güneysu Bel.)-3397|8304.0|
Rize(Hemşin/Hemşin Bel.)-3402|1374.0|
Rize(İkizdere/İkizdere Bel.)-3395|2177.0|
Rize(İyidere/İyidere Bel.)-3393|5432.0|
Rize(Kalkandere/Kalkandere Bel.)-3392|7069.0|
Rize(Merkez/Kendirli Bel.)-3410|2950.0|
Rize(Merkez/Muradiye Bel.)-3409|2950.0|
Rize(Merkez/Rize Bel.)-3400|112474.0|
Rize(Merkez/Salarha Bel.)-3411|2894.0|
Rize(Pazar/Pazar Bel.)-3394|16516.0|
Sakarya(Adapazarı/Adapazarı Bel.)-3442|279431.0|
Sakarya(Akyazı/Akyazı Bel.)-3422|96605.0|
Sakarya(Arifiye/Arifiye Bel.)-3448|51467.0|
Sakarya(Erenler/Erenler Bel.)-3450|91611.0|
Sakarya(Ferizli/Ferizli Bel.)-3417|32752.0|
Sakarya(Geyve/Geyve Bel.)-3423|51676.0|
Sakarya(Hendek/Hendek Bel.)-3418|91486.0|
Sakarya(Karapürçek/Karapürçek Bel.)-3420|13713.0|
Sakarya(Karasu/Karasu Bel.)-3419|73738.0|
Sakarya(Kaynarca/Kaynarca Bel.)-3414|25137.0|
Sakarya(Kocaali/Kocaali Bel.)-3413|26523.0|
Sakarya(Pamukova/Pamukova Bel.)-3416|31205.0|
Sakarya(Sapanca/Sapanca Bel.)-3421|46080.0|
Sakarya(Serdivan/Serdivan Bel.)-3444|164222.0|
Sakarya(Söğütlü/Söğütlü Bel.)-3415|15411.0|
Sakarya(Taraklı/Taraklı Bel.)-3424|7058.0|
Samsun(19 Mayıs/19 Mayıs Bel.)-3462|27910.0|
Samsun(Alaçam/Alaçam Bel.)-3453|25148.0|
Samsun(Asarcık/Asarcık Bel.)-3457|16906.0|
Samsun(Atakum/Atakum Bel.)-3491|245328.0|
Samsun(Ayvacık/Ayvacık Bel.)-3456|21090.0|
Samsun(Bafra/Bafra Bel.)-3455|143109.0|
Samsun(Canik/Canik Bel.)-3490|100040.0|
Samsun(Çarşamba/Çarşamba Bel.)-3465|141199.0|
Samsun(Havza/Havza Bel.)-3466|38824.0|
Samsun(İlkadım/İlkadım Bel.)-3500|322228.0|
Samsun(Kavak/Kavak Bel.)-3464|26346.0|
Samsun(Ladik/Ladik Bel.)-3463|16907.0|
Samsun(Salıpazarı/Salıpazarı Bel.)-3459|21243.0|
Samsun(Tekkeköy/Tekkeköy Bel.)-3458|58615.0|
Samsun(Terme/Terme Bel.)-3454|73120.0|
Samsun(Vezirköprü/Vezirköprü Bel.)-3460|90388.0|
Samsun(Yakakent/Yakakent Bel.)-3461|9145.0|
Şanlıurfa(Akçakale/Akçakale Bel.)-3773|127277.0|
Şanlıurfa(Birecik/Birecik Bel.)-3774|93866.0|
Şanlıurfa(Bozova/Bozova Bel.)-3778|55553.0|
Şanlıurfa(Ceylanpınar/Ceylanpınar Bel.)-3771|92147.0|
Şanlıurfa(Eyyübiye/Eyyübiye Bel.)-52551|400084.0|
Şanlıurfa(Halfeti/Halfeti Bel.)-3775|46312.0|
Şanlıurfa(Haliliye/Haliliye Bel.)-52555|392600.0|
Şanlıurfa(Harran/Harran Bel.)-3777|98999.0|
Şanlıurfa(Hilvan/Hilvan Bel.)-3776|43448.0|
Şanlıurfa(Karaköprü/Karaköprü Bel.)-3795|277160.0|
Şanlıurfa(Siverek/Siverek Bel.)-3780|271832.0|
Şanlıurfa(Suruç/Suruç Bel.)-3772|103621.0|
Şanlıurfa(Viranşehir/Viranşehir Bel.)-3770|211065.0|
Siirt(Baykan/Atabağı Bel.)-3512|3711.0|
Siirt(Baykan/Baykan Bel.)-3508|6022.0|
Siirt(Baykan/Veyselkarani Bel.)-3511|7123.0|
Siirt(Eruh/Eruh Bel.)-3504|10356.0|
Siirt(Kurtalan/Kayabağlar Bel.)-3513|5828.0|
Siirt(Kurtalan/Kurtalan Bel.)-3506|38165.0|
Siirt(Merkez/Gökçebağ Bel.)-3515|2447.0|
Siirt(Merkez/Siirt Bel.)-3503|170269.0|
Siirt(Pervari/Beğendik Bel.)-3514|2132.0|
Siirt(Pervari/Pervari Bel.)-3505|7037.0|
Siirt(Şirvan/Şirvan Bel.)-3507|4115.0|
Siirt(Tillo/Tillo Bel.)-3509|2320.0|
Sinop(Ayancık/Ayancık Bel.)-3517|13026.0|
Sinop(Boyabat/Boyabat Bel.)-3518|28274.0|
Sinop(Dikmen/Dikmen Bel.)-3519|1246.0|
Sinop(Durağan/Durağan Bel.)-3520|7491.0|
Sinop(Erfelek/Erfelek Bel.)-3521|4088.0|
Sinop(Gerze/Gerze Bel.)-3523|20190.0|
Sinop(Merkez/Sinop Bel.)-3516|57533.0|
Sinop(Saraydüzü/Saraydüzü Bel.)-3524|1254.0|
Sinop(Türkeli/Türkeli Bel.)-3522|7037.0|
Şırnak(Beytüşşebap/Beytüşşebap Bel.)-4053|6367.0|
Şırnak(Cizre/Cizre Bel.)-4049|144140.0|
Şırnak(Güçlükonak/Fındık Bel.)-4063|2258.0|
Şırnak(Güçlükonak/Güçlükonak Bel.)-4054|4952.0|
Şırnak(İdil/İdil Bel.)-4052|31049.0|
Şırnak(İdil/Karalar Bel.)-4061|4387.0|
Şırnak(İdil/Sırtköy Bel.)-4062|2409.0|
Şırnak(Merkez/Balveren Bel.)-4068|3871.0|
Şırnak(Merkez/Kasrik Bel.)-4065|3391.0|
Şırnak(Merkez/Kumçatı Bel.)-4066|9874.0|
Şırnak(Merkez/Şırnak Bel.)-4050|75932.0|
Şırnak(Silopi/Başverimli Bel.)-4058|7903.0|
Şırnak(Silopi/Çalışkan Bel.)-4056|5180.0|
Şırnak(Silopi/Görümlü Bel.)-4057|5187.0|
Şırnak(Silopi/Silopi Bel.)-4055|108880.0|
Şırnak(Uludere/Hilal Bel.)-4059|3321.0|
Şırnak(Uludere/Şenoba Bel.)-4060|7691.0|
Şırnak(Uludere/Uludere Bel.)-4051|12068.0|
Şırnak(Uludere/Uzungeçit Bel.)-4067|3312.0|
Sivas(Akıncılar/Akıncılar Bel.)-3543|2556.0|
Sivas(Altınyayla/Altınyayla Bel.)-3542|4263.0|
Sivas(Altınyayla/Deliilyas Bel.)-3566|2289.0|
Sivas(Divriği/Divriği Bel.)-3541|10715.0|
Sivas(Doğanşar/Doğanşar Bel.)-3540|1319.0|
Sivas(Gemerek/Çepni Bel.)-3561|1443.0|
Sivas(Gemerek/Gemerek Bel.)-3539|10568.0|
Sivas(Gemerek/Sızır Bel.)-3558|3712.0|
Sivas(Gölova/Gölova Bel.)-3538|1012.0|
Sivas(Gürün/Gürün Bel.)-3537|10425.0|
Sivas(Hafik/Hafik Bel.)-3536|3201.0|
Sivas(İmranlı/İmranlı Bel.)-3535|3084.0|
Sivas(Kangal/Kangal Bel.)-3528|9066.0|
Sivas(Koyulhisar/Koyulhisar Bel.)-3534|4084.0|
Sivas(Merkez/Sivas Bel.)-3527|362300.0|
Sivas(Merkez/Yıldız Bel.)-3569|2466.0|
Sivas(Şarkışla/Cemel Bel.)-3568|1344.0|
Sivas(Şarkışla/Gürçayır Bel.)-3567|1909.0|
Sivas(Şarkışla/Şarkışla Bel.)-3532|23376.0|
Sivas(Suşehri/Suşehri Bel.)-3533|15359.0|
Sivas(Ulaş/Ulaş Bel.)-3531|3341.0|
Sivas(Yıldızeli/Güneykaya Bel.)-3554|2152.0|
Sivas(Yıldızeli/Yıldızeli Bel.)-3530|6489.0|
Sivas(Zara/Zara Bel.)-3529|10784.0|
Tekirdağ(Çerkezköy/Çerkezköy Bel.)-3576|213243.0|
Tekirdağ(Çorlu/Çorlu Bel.)-3573|294020.0|
Tekirdağ(Ergene/Ergene Bel.)-52378|68695.0|
Tekirdağ(Hayrabolu/Hayrabolu Bel.)-3575|30930.0|
Tekirdağ(Kapaklı/Kapaklı Bel.)-3600|142662.0|
Tekirdağ(Malkara/Malkara Bel.)-3579|51406.0|
Tekirdağ(Marmaraereğlisi/Marmaraereğlisi Bel.)-3577|31191.0|
Tekirdağ(Muratlı/Muratlı Bel.)-3578|30411.0|
Tekirdağ(Saray/Saray Bel.)-3581|51224.0|
Tekirdağ(Şarköy/Şarköy Bel.)-3574|34047.0|
Tekirdağ(Süleymanpaşa/Süleymanpaşa Bel.)-52561|219230.0|
Tokat(Almus/Akarçay Görümlü Bel.)-52374|2627.0|
Tokat(Almus/Almus Bel.)-3609|5063.0|
Tokat(Almus/Ataköy Bel.)-3639|2968.0|
Tokat(Almus/Çevreli Bel.)-3642|2695.0|
Tokat(Almus/Gölgeli Bel.)-3644|2066.0|
Tokat(Almus/Kınık Bel.)-3646|2305.0|
Tokat(Artova/Artova Bel.)-3610|3747.0|
Tokat(Başçiftlik/Başçiftlik Bel.)-3617|3484.0|
Tokat(Başçiftlik/Hatipli Bel.)-3650|1734.0|
Tokat(Erbaa/Erbaa Bel.)-3612|70165.0|
Tokat(Erbaa/Gökal Bel.)-3656|3305.0|
Tokat(Erbaa/Karayaka Bel.)-3655|3424.0|
Tokat(Erbaa/Tanoba Bel.)-3654|2123.0|
Tokat(Merkez/Çamlıbel Bel.)-3634|3965.0|
Tokat(Merkez/Çat Bel.)-3630|4234.0|
Tokat(Merkez/Emirseyit Bel.)-3631|2421.0|
Tokat(Merkez/Güryıldız Bel.)-3633|2220.0|
Tokat(Merkez/Tokat Bel.)-3608|158646.0|
Tokat(Niksar/Gökçeli Bel.)-3664|1951.0|
Tokat(Niksar/Gürçeşme Bel.)-3665|1886.0|
Tokat(Niksar/Niksar Bel.)-3613|33452.0|
Tokat(Niksar/Serenli Bel.)-3660|3161.0|
Tokat(Niksar/Yazıcık Bel.)-3661|2444.0|
Tokat(Niksar/Yolkonak Bel.)-3662|2681.0|
Tokat(Pazar/Pazar Bel.)-3614|4918.0|
Tokat(Pazar/Üzümören Bel.)-3667|3719.0|
Tokat(Reşadiye/Baydarlı Bel.)-3668|2175.0|
Tokat(Reşadiye/Bereketli Bel.)-3679|3442.0|
Tokat(Reşadiye/Bozçalı Bel.)-3680|2717.0|
Tokat(Reşadiye/Cimitekke Bel.)-3671|2493.0|
Tokat(Reşadiye/Demircili Bel.)-3672|2249.0|
Tokat(Reşadiye/Hasanşeyh Bel.)-3673|2334.0|
Tokat(Reşadiye/Reşadiye Bel.)-3615|9299.0|
Tokat(Sulusaray/Sulusaray Bel.)-3616|4544.0|
Tokat(Turhal/Şenyurt Bel.)-3618|2228.0|
Tokat(Turhal/Turhal Bel.)-3611|61621.0|
Tokat(Yeşilyurt/Yeşilyurt Bel.)-3606|5919.0|
Tokat(Zile/Zile Bel.)-3607|33056.0|
Trabzon(Akçaabat/Akçaabat Bel.)-3688|129628.0|
Trabzon(Araklı/Araklı Bel.)-3689|51124.0|
Trabzon(Arsin/Arsin Bel.)-3690|32717.0|
Trabzon(Beşikdüzü/Beşikdüzü Bel.)-3691|23568.0|
Trabzon(Çarşıbaşı/Çarşıbaşı Bel.)-3692|15753.0|
Trabzon(Çaykara/Çaykara Bel.)-3693|15180.0|
Trabzon(Dernekpazarı/Dernekpazarı Bel.)-3694|4294.0|
Trabzon(Düzköy/Düzköy Bel.)-3695|14142.0|
Trabzon(Hayrat/Hayrat Bel.)-3696|9337.0|
Trabzon(Köprübaşı/Köprübaşı Bel.)-3697|4776.0|
Trabzon(Maçka/Maçka Bel.)-3698|27322.0|
Trabzon(Of/Of Bel.)-3699|44527.0|
Trabzon(Ortahisar/Ortahisar Bel.)-52443|322702.0|
Trabzon(Şalpazarı/Şalpazarı Bel.)-3683|11780.0|
Trabzon(Sürmene/Sürmene Bel.)-3684|26127.0|
Trabzon(Tonya/Tonya Bel.)-3700|14315.0|
Trabzon(Vakfıkebir/Vakfıkebir Bel.)-3685|27339.0|
Trabzon(Yomra/Yomra Bel.)-3686|49721.0|
Tunceli(Çemişgezek/Çemişgezek Bel.)-3761|3506.0|
Tunceli(Hozat/Hozat Bel.)-3762|3514.0|
Tunceli(Mazgirt/Akpazar Bel.)-3769|1982.0|
Tunceli(Mazgirt/Mazgirt Bel.)-3763|1305.0|
Tunceli(Merkez/Tunceli Bel.)-3765|36617.0|
Tunceli(Nazımiye/Nazımiye Bel.)-3766|1472.0|
Tunceli(Ovacık/Ovacık Bel.)-3767|3363.0|
Tunceli(Pertek/Pertek Bel.)-3760|6615.0|
Tunceli(Pülümür/Pülümür Bel.)-3764|1506.0|
Uşak(Banaz/Banaz Bel.)-3798|16745.0|
Uşak(Banaz/Kızılcasöğüt Bel.)-3814|1838.0|
Uşak(Eşme/Eşme Bel.)-3797|15635.0|
Uşak(Eşme/Yeleğen Bel.)-3803|2113.0|
Uşak(Karahallı/Karahallı Bel.)-3796|5810.0|
Uşak(Merkez/Uşak Bel.)-3801|235575.0|
Uşak(Sivaslı/Pınarbaşı Bel.)-3806|2042.0|
Uşak(Sivaslı/Selçikler Bel.)-3807|1776.0|
Uşak(Sivaslı/Sivaslı Bel.)-3800|7183.0|
Uşak(Sivaslı/Tatar Bel.)-3808|1889.0|
Uşak(Ulubey/Ulubey Bel.)-3799|6196.0|
Van(Bahçesaray/Bahçesaray Bel.)-3825|12983.0|
Van(Başkale/Başkale Bel.)-3831|42922.0|
Van(Çaldıran/Çaldıran Bel.)-3822|56901.0|
Van(Çatak/Çatak Bel.)-3820|18825.0|
Van(Edremit/Edremit Bel.)-3827|129604.0|
Van(Erciş/Erciş Bel.)-3829|171035.0|
Van(Gevaş/Gevaş Bel.)-3826|27437.0|
Van(Gürpınar/Gürpınar Bel.)-3824|31816.0|
Van(İpekyolu/İpekyolu Bel.)-52455|350708.0|
Van(Muradiye/Muradiye Bel.)-3823|44322.0|
Van(Özalp/Özalp Bel.)-3821|57829.0|
Van(Saray/Saray Bel.)-3828|18779.0|
Van(Tuşba/Tuşba Bel.)-52451|164451.0|
Yalova(Altınova/Altınova Bel.)-4098|9715.0|
Yalova(Altınova/Kaytazdere Bel.)-4108|7123.0|
Yalova(Altınova/Subaşı Bel.)-4107|8337.0|
Yalova(Altınova/Tavşanlı Bel.)-4106|4656.0|
Yalova(Armutlu/Armutlu Bel.)-4097|9004.0|
Yalova(Çiftlikköy/Çiftlikköy Bel.)-4096|45967.0|
Yalova(Çiftlikköy/Taşköprü Bel.)-4102|4642.0|
Yalova(Çınarcık/Çınarcık Bel.)-4095|21193.0|
Yalova(Çınarcık/Esenköy Bel.)-4105|4396.0|
Yalova(Çınarcık/Koru Bel.)-4103|8395.0|
Yalova(Çınarcık/Teşvikiye Bel.)-4101|4838.0|
Yalova(Merkez/Kadıköy Bel.)-4109|9958.0|
Yalova(Merkez/Yalova Bel.)-4100|130802.0|
Yalova(Termal/Termal Bel.)-4099|4121.0|
Yozgat(Akdağmadeni/Akdağmadeni Bel.)-3841|20890.0|
Yozgat(Akdağmadeni/Belekçahan Bel.)-3858|1643.0|
Yozgat(Akdağmadeni/Oluközü Bel.)-3859|1373.0|
Yozgat(Akdağmadeni/Umutlu Bel.)-3860|2317.0|
Yozgat(Aydıncık/Aydıncık Bel.)-3842|3076.0|
Yozgat(Aydıncık/Baydiğin Bel.)-3861|3246.0|
Yozgat(Boğazlıyan/Boğazlıyan Bel.)-3843|19188.0|
Yozgat(Boğazlıyan/Ovakent Bel.)-3868|2619.0|
Yozgat(Boğazlıyan/Sırçalı Bel.)-3870|1547.0|
Yozgat(Boğazlıyan/Uzunlu Bel.)-3871|1338.0|
Yozgat(Boğazlıyan/Yamaçlı Bel.)-3872|2785.0|
Yozgat(Boğazlıyan/Yenipazar Bel.)-3873|1939.0|
Yozgat(Çandır/Çandır Bel.)-3844|3519.0|
Yozgat(Çayıralan/Çayıralan Bel.)-3845|5040.0|
Yozgat(Çayıralan/Konuklar Bel.)-3878|1455.0|
Yozgat(Çekerek/Çekerek Bel.)-3853|9490.0|
Yozgat(Çekerek/Özükavak Bel.)-3882|1275.0|
Yozgat(Kadışehri/Halıköy Bel.)-3883|1521.0|
Yozgat(Kadışehri/Kadışehri Bel.)-3847|4764.0|
Yozgat(Merkez/Yozgat Bel.)-3840|94138.0|
Yozgat(Saraykent/Dedefakılı Bel.)-3885|1134.0|
Yozgat(Saraykent/Ozan Bel.)-3886|1443.0|
Yozgat(Saraykent/Saraykent Bel.)-3848|6273.0|
Yozgat(Sarıkaya/Karayakup Bel.)-3888|1720.0|
Yozgat(Sarıkaya/Sarıkaya Bel.)-3849|17970.0|
Yozgat(Şefaatli/Şefaatli Bel.)-3851|8934.0|
Yozgat(Sorgun/Araplı Bel.)-3891|1911.0|
Yozgat(Sorgun/Bahadın Bel.)-3892|2614.0|
Yozgat(Sorgun/Çiğdemli Bel.)-3894|2158.0|
Yozgat(Sorgun/Doğankent Bel.)-3895|1725.0|
Yozgat(Sorgun/Eymir Bel.)-3899|2203.0|
Yozgat(Sorgun/Gülşehri Bel.)-3898|2081.0|
Yozgat(Sorgun/Sorgun Bel.)-3850|54184.0|
Yozgat(Sorgun/Yeniyer Bel.)-3897|1908.0|
Yozgat(Yenifakılı/Yenifakılı Bel.)-3852|2826.0|
Yozgat(Yerköy/Yerköy Bel.)-3846|26178.0|
Zonguldak(Alaplı/Alaplı Bel.)-3910|20489.0|
Zonguldak(Alaplı/Gümeli Bel.)-3914|2280.0|
Zonguldak(Çaycuma/Çaycuma Bel.)-3905|32292.0|
Zonguldak(Çaycuma/Filyos Bel.)-3915|4984.0|
Zonguldak(Çaycuma/Karapınar Bel.)-3919|2875.0|
Zonguldak(Çaycuma/Nebioğlu Bel.)-3917|2330.0|
Zonguldak(Çaycuma/Perşembe Bel.)-3916|4658.0|
Zonguldak(Çaycuma/Saltukova Bel.)-3918|4047.0|
Zonguldak(Devrek/Çaydeğirmeni Bel.)-3920|7310.0|
Zonguldak(Devrek/Devrek Bel.)-3907|26312.0|
Zonguldak(Ereğli/Ereğli Bel.)-3908|121218.0|
Zonguldak(Ereğli/Gülüç Bel.)-3925|8192.0|
Zonguldak(Ereğli/Kandilli Bel.)-3923|2889.0|
Zonguldak(Ereğli/Ormanlı Bel.)-3928|2211.0|
Zonguldak(Gökçebey/Bakacakkadı Bel.)-3929|3429.0|
Zonguldak(Gökçebey/Gökçebey Bel.)-3906|8869.0|
Zonguldak(Kilimli/Çatalağzı Bel.)-3931|6378.0|
Zonguldak(Kilimli/Gelik Bel.)-3930|2783.0|
Zonguldak(Kilimli/Kilimli Bel.)-3932|20316.0|
Zonguldak(Kilimli/Muslu Bel.)-3911|1668.0|
Zonguldak(Kozlu/Kozlu Bel.)-3912|43419.0|
Zonguldak(Merkez/Beycuma Bel.)-3934|2618.0|
Zonguldak(Merkez/Elvanpazarcık Bel.)-3936|2939.0|
Zonguldak(Merkez/Karaman Bel.)-3933|1968.0|
Zonguldak(Merkez/Zonguldak Bel.)-3909|99712.0|