Adana(Aladağ)-1757|16954.0|
Adana(Ceyhan)-1219|156610.0|
Adana(Çukurova)-2033|374205.0|
Adana(Feke)-1329|17304.0|
Adana(İmamoğlu)-1806|27341.0|
Adana(Karaisalı)-1437|23105.0|
Adana(Karataş)-1443|25245.0|
Adana(Kozan)-1486|132642.0|
Adana(Pozantı)-1580|20733.0|
Adana(Saimbeyli)-1588|13857.0|
Adana(Sarıçam)-2032|236298.0|
Adana(Seyhan)-1104|787771.0|
Adana(Tufanbeyli)-1687|17258.0|
Adana(Yumurtalık)-1734|18630.0|
Adana(Yüreğir)-1748|402345.0|
Adıyaman(Besni)-1182|76415.0|
Adıyaman(Çelikhan)-1246|14856.0|
Adıyaman(Gerger)-1347|15679.0|
Adıyaman(Gölbaşı)-1354|47876.0|
Adıyaman(Kahta)-1425|132303.0|
Adıyaman(Merkez)-1105|284839.0|
Adıyaman(Samsat)-1592|6898.0|
Adıyaman(Sincik)-1985|16477.0|
Adıyaman(Tut)-1989|9635.0|
Afyonkarahisar(Başmakçı)-1771|9378.0|
Afyonkarahisar(Bayat)-1773|7852.0|
Afyonkarahisar(Bolvadin)-1200|45073.0|
Afyonkarahisar(Çay)-1239|29935.0|
Afyonkarahisar(Çobanlar)-1906|14404.0|
Afyonkarahisar(Dazkırı)-1267|11642.0|
Afyonkarahisar(Dinar)-1281|47492.0|
Afyonkarahisar(Emirdağ)-1306|43603.0|
Afyonkarahisar(Evciler)-1923|7173.0|
Afyonkarahisar(Hocalar)-1944|8644.0|
Afyonkarahisar(İhsaniye)-1404|29044.0|
Afyonkarahisar(İscehisar)-1809|25033.0|
Afyonkarahisar(Kızılören)-1961|2107.0|
Afyonkarahisar(Merkez)-1108|324685.0|
Afyonkarahisar(Sandıklı)-1594|55413.0|
Afyonkarahisar(Sinanpaşa)-1626|39566.0|
Afyonkarahisar(Şuhut)-1664|36071.0|
Afyonkarahisar(Sultandağı)-1639|14229.0|
Ağrı(Diyadin)-1283|37687.0|
Ağrı(Doğubayazıt)-1287|114727.0|
Ağrı(Eleşkirt)-1301|30103.0|
Ağrı(Hamur)-1379|16097.0|
Ağrı(Merkez)-1111|153709.0|
Ağrı(Patnos)-1568|112515.0|
Ağrı(Taşlıçay)-1667|18781.0|
Ağrı(Tutak)-1691|27619.0|
Aksaray(Ağaçören)-1860|7971.0|
Aksaray(Eskil)-1921|27795.0|
Aksaray(Gülağaç)-1932|20120.0|
Aksaray(Güzelyurt)-1861|11675.0|
Aksaray(Merkez)-1120|321160.0|
Aksaray(Ortaköy)-1557|31613.0|
Aksaray(Sarıyahşi)-1866|5804.0|
Aksaray(Sultanhanı)-2106|12366.0|
Amasya(Göynücek)-1363|10363.0|
Amasya(Gümüşhacıköy)-1368|22121.0|
Amasya(Hamamözü)-1938|4003.0|
Amasya(Merkez)-1134|148908.0|
Amasya(Merzifon)-1524|76266.0|
Amasya(Suluova)-1641|46986.0|
Amasya(Taşova)-1668|30882.0|
Ankara(Akyurt)-1872|43918.0|
Ankara(Altındağ)-1130|412267.0|
Ankara(Ayaş)-1157|15581.0|
Ankara(Bala)-1167|28704.0|
Ankara(Beypazarı)-1187|48558.0|
Ankara(Çamlıdere)-1227|13971.0|
Ankara(Çankaya)-1231|937546.0|
Ankara(Çubuk)-1260|99096.0|
Ankara(Elmadağ)-1302|45034.0|
Ankara(Etimesgut)-1922|617229.0|
Ankara(Evren)-1924|3581.0|
Ankara(Gölbaşı)-1744|157605.0|
Ankara(Güdül)-1365|10014.0|
Ankara(Haymana)-1387|33494.0|
Ankara(Kahramankazan)-1815|60804.0|
Ankara(Kalecik)-1427|13296.0|
Ankara(Keçiören)-1745|923404.0|
Ankara(Kızılcahamam)-1473|31800.0|
Ankara(Mamak)-1746|682279.0|
Ankara(Nallıhan)-1539|26831.0|
Ankara(Polatlı)-1578|128895.0|
Ankara(Pursaklar)-2034|161926.0|
Ankara(Şereflikoçhisar)-1658|34122.0|
Ankara(Sincan)-1747|571889.0|
Ankara(Yenimahalle)-1723|701638.0|
Antalya(Akseki)-1121|11896.0|
Antalya(Aksu)-2035|80350.0|
Antalya(Alanya)-1126|359891.0|
Antalya(Demre)-1811|27762.0|
Antalya(Döşemealtı)-2036|86109.0|
Antalya(Elmalı)-1303|41240.0|
Antalya(Finike)-1333|50688.0|
Antalya(Gazipaşa)-1337|55185.0|
Antalya(Gündoğmuş)-1370|8259.0|
Antalya(İbradı)-1946|4243.0|
Antalya(Kaş)-1451|64014.0|
Antalya(Kemer)-1959|49695.0|
Antalya(Kepez)-2037|614135.0|
Antalya(Konyaaltı)-2038|196498.0|
Antalya(Korkuteli)-1483|59295.0|
Antalya(Kumluca)-1492|74353.0|
Antalya(Manavgat)-1512|258367.0|
Antalya(Muratpaşa)-2039|512700.0|
Antalya(Serik)-1616|141569.0|
Ardahan(Çıldır)-1252|8745.0|
Ardahan(Damal)-2008|4757.0|
Ardahan(Göle)-1356|22735.0|
Ardahan(Hanak)-1380|8033.0|
Ardahan(Merkez)-1144|42209.0|
Ardahan(Posof)-1579|6340.0|
Artvin(Ardanuç)-1145|11157.0|
Artvin(Arhavi)-1147|21746.0|
Artvin(Borçka)-1202|24622.0|
Artvin(Hopa)-1395|27176.0|
Artvin(Kemalpaşa)-2105|9688.0|
Artvin(Merkez)-1152|35929.0|
Artvin(Murgul)-1828|6319.0|
Artvin(Şavşat)-1653|16917.0|
Artvin(Yusufeli)-1736|18802.0|
Aydın(Bozdoğan)-1206|32528.0|
Aydın(Buharkent)-1781|13187.0|
Aydın(Çine)-1256|48585.0|
Aydın(Didim)-2000|100189.0|
Aydın(Efeler)-2076|308039.0|
Aydın(Germencik)-1348|44793.0|
Aydın(İncirliova)-1807|56934.0|
Aydın(Karacasu)-1435|17880.0|
Aydın(Karpuzlu)-1957|10616.0|
Aydın(Koçarlı)-1479|22599.0|
Aydın(Köşk)-1968|28440.0|
Aydın(Kuşadası)-1497|133177.0|
Aydın(Kuyucak)-1498|26047.0|
Aydın(Nazilli)-1542|162074.0|
Aydın(Söke)-1637|124217.0|
Aydın(Sultanhisar)-1640|20399.0|
Aydın(Yenipazar)-1724|11998.0|
Balıkesir(Altıeylül)-2077|185458.0|
Balıkesir(Ayvalık)-1161|74643.0|
Balıkesir(Balya)-1169|13000.0|
Balıkesir(Bandırma)-1171|166836.0|
Balıkesir(Bigadiç)-1191|49177.0|
Balıkesir(Burhaniye)-1216|65790.0|
Balıkesir(Dursunbey)-1291|33621.0|
Balıkesir(Edremit)-1294|171700.0|
Balıkesir(Erdek)-1310|32268.0|
Balıkesir(Gömeç)-1928|17556.0|
Balıkesir(Gönen)-1360|75572.0|
Balıkesir(Havran)-1384|28287.0|
Balıkesir(İvrindi)-1418|31626.0|
Balıkesir(Karesi)-2078|188846.0|
Balıkesir(Kepsut)-1462|21804.0|
Balıkesir(Manyas)-1514|18190.0|
Balıkesir(Marmara)-1824|11454.0|
Balıkesir(Savaştepe)-1608|16787.0|
Balıkesir(Sındırgı)-1619|32879.0|
Balıkesir(Susurluk)-1644|38025.0|
Bartın(Amasra)-1761|14552.0|
Bartın(Kurucaşile)-1496|6681.0|
Bartın(Merkez)-1172|163196.0|
Bartın(Ulus)-1701|22809.0|
Batman(Beşiri)-1184|32378.0|
Batman(Gercüş)-1345|21958.0|
Batman(Hasankeyf)-1941|7969.0|
Batman(Kozluk)-1487|61297.0|
Batman(Merkez)-1174|491811.0|
Batman(Sason)-1607|31792.0|
Bayburt(Aydıntepe)-1767|7070.0|
Bayburt(Demirözü)-1788|8072.0|
Bayburt(Merkez)-1176|70905.0|
Bilecik(Bozüyük)-1210|79853.0|
Bilecik(Gölpazarı)-1359|9831.0|
Bilecik(İnhisar)-1948|2377.0|
Bilecik(Merkez)-1192|82416.0|
Bilecik(Osmaneli)-1559|21875.0|
Bilecik(Pazaryeri)-1571|9967.0|
Bilecik(Söğüt)-1636|18844.0|
Bilecik(Yenipazar)-1857|2895.0|
Bingöl(Adaklı)-1750|8863.0|
Bingöl(Genç)-1344|34178.0|
Bingöl(Karlıova)-1446|26819.0|
Bingöl(Kiğı)-1475|5035.0|
Bingöl(Merkez)-1193|172007.0|
Bingöl(Solhan)-1633|33651.0|
Bingöl(Yayladere)-1855|2304.0|
Bingöl(Yedisu)-1996|2798.0|
Bitlis(Adilcevaz)-1106|29697.0|
Bitlis(Ahlat)-1112|44475.0|
Bitlis(Güroymak)-1798|49161.0|
Bitlis(Hizan)-1394|31911.0|
Bitlis(Merkez)-1196|73264.0|
Bitlis(Mutki)-1537|29203.0|
Bitlis(Tatvan)-1669|102036.0|
Bolu(Dörtdivan)-1916|6703.0|
Bolu(Gerede)-1346|36177.0|
Bolu(Göynük)-1364|14711.0|
Bolu(Kıbrıscık)-1466|2980.0|
Bolu(Mengen)-1522|14113.0|
Bolu(Merkez)-1199|219913.0|
Bolu(Mudurnu)-1531|18576.0|
Bolu(Seben)-1610|4807.0|
Bolu(Yeniçağa)-1997|6809.0|
Burdur(Ağlasun)-1109|7929.0|
Burdur(Altınyayla)-1874|5224.0|
Burdur(Bucak)-1211|68290.0|
Burdur(Çavdır)-1899|13095.0|
Burdur(Çeltikçi)-1903|5337.0|
Burdur(Gölhisar)-1357|23920.0|
Burdur(Karamanlı)-1813|8249.0|
Burdur(Kemer)-1816|2888.0|
Burdur(Merkez)-1215|117537.0|
Burdur(Tefenni)-1672|10546.0|
Burdur(Yeşilova)-1728|14437.0|
Bursa(Büyükorhan)-1783|10325.0|
Bursa(Gemlik)-1343|122171.0|
Bursa(Gürsu)-1935|103770.0|
Bursa(Harmancık)-1799|6334.0|
Bursa(İnegöl)-1411|299203.0|
Bursa(İznik)-1420|44988.0|
Bursa(Karacabey)-1434|85765.0|
Bursa(Keles)-1457|11321.0|
Bursa(Kestel)-1960|75954.0|
Bursa(Mudanya)-1530|109964.0|
Bursa(Mustafakemalpaşa)-1535|103944.0|
Bursa(Nilüfer)-1829|543934.0|
Bursa(Orhaneli)-1553|19527.0|
Bursa(Orhangazi)-1554|81862.0|
Bursa(Osmangazi)-1832|885273.0|
Bursa(Yenişehir)-1725|55745.0|
Bursa(Yıldırım)-1859|654491.0|
Çanakkale(Ayvacık)-1160|35141.0|
Çanakkale(Bayramiç)-1180|29160.0|
Çanakkale(Biga)-1190|93778.0|
Çanakkale(Bozcaada)-1205|3243.0|
Çanakkale(Çan)-1229|47624.0|
Çanakkale(Eceabat)-1293|8780.0|
Çanakkale(Ezine)-1326|33413.0|
Çanakkale(Gelibolu)-1340|44461.0|
Çanakkale(Gökçeada)-1408|10721.0|
Çanakkale(Lapseki)-1503|30259.0|
Çanakkale(Merkez)-1230|203523.0|
Çanakkale(Yenice)-1722|30396.0|
Çankırı(Atkaracalar)-1765|5079.0|
Çankırı(Bayramören)-1885|2740.0|
Çankırı(Çerkeş)-1248|16909.0|
Çankırı(Eldivan)-1300|7331.0|
Çankırı(Ilgaz)-1399|14271.0|
Çankırı(Kızılırmak)-1817|7703.0|
Çankırı(Korgun)-1963|4226.0|
Çankırı(Kurşunlu)-1494|9947.0|
Çankırı(Merkez)-1232|98574.0|
Çankırı(Orta)-1555|16921.0|
Çankırı(Şabanözü)-1649|13192.0|
Çankırı(Yapraklı)-1718|8608.0|
Çorum(Alaca)-1124|29952.0|
Çorum(Bayat)-1177|15047.0|
Çorum(Boğazkale)-1778|4068.0|
Çorum(Dodurga)-1911|5786.0|
Çorum(İskilip)-1414|29270.0|
Çorum(Kargı)-1445|16040.0|
Çorum(Laçin)-1972|4883.0|
Çorum(Mecitözü)-1520|14441.0|
Çorum(Merkez)-1259|294321.0|
Çorum(Oğuzlar)-1976|5240.0|
Çorum(Ortaköy)-1556|8496.0|
Çorum(Osmancık)-1558|43388.0|
Çorum(Sungurlu)-1642|49086.0|
Çorum(Uğurludağ)-1850|8333.0|
Denizli(Acıpayam)-1102|55406.0|
Denizli(Babadağ)-1769|6424.0|
Denizli(Baklan)-1881|5457.0|
Denizli(Bekilli)-1774|6565.0|
Denizli(Beyağaç)-1888|6532.0|
Denizli(Bozkurt)-1889|11000.0|
Denizli(Buldan)-1214|26542.0|
Denizli(Çal)-1224|17919.0|
Denizli(Çameli)-1226|17814.0|
Denizli(Çardak)-1233|8781.0|
Denizli(Çivril)-1257|59912.0|
Denizli(Güney)-1371|9573.0|
Denizli(Honaz)-1803|34237.0|
Denizli(Kale)-1426|19388.0|
Denizli(Merkezefendi)-2079|340400.0|
Denizli(Pamukkale)-1871|346047.0|
Denizli(Sarayköy)-1597|31047.0|
Denizli(Serinhisar)-1840|14591.0|
Denizli(Tavas)-1670|41447.0|
Diyarbakır(Bağlar)-2040|394338.0|
Diyarbakır(Bismil)-1195|119972.0|
Diyarbakır(Çermik)-1249|49900.0|
Diyarbakır(Çınar)-1253|78351.0|
Diyarbakır(Çüngüş)-1263|10771.0|
Diyarbakır(Dicle)-1278|38533.0|
Diyarbakır(Eğil)-1791|23712.0|
Diyarbakır(Ergani)-1315|137492.0|
Diyarbakır(Hani)-1381|32777.0|
Diyarbakır(Hazro)-1389|17772.0|
Diyarbakır(Kayapınar)-2041|425143.0|
Diyarbakır(Kocaköy)-1962|15537.0|
Diyarbakır(Kulp)-1490|37576.0|
Diyarbakır(Lice)-1504|26168.0|
Diyarbakır(Silvan)-1624|87707.0|
Diyarbakır(Sur)-2042|98938.0|
Diyarbakır(Yenişehir)-2043|223446.0|
Düzce(Akçakoca)-1116|41363.0|
Düzce(Çilimli)-1905|19097.0|
Düzce(Cumayeri)-1784|16091.0|
Düzce(Gölyaka)-1794|20962.0|
Düzce(Gümüşova)-2017|17198.0|
Düzce(Kaynaşlı)-2031|20679.0|
Düzce(Merkez)-1292|259527.0|
Düzce(Yığılca)-1730|14948.0|
Edirne(Enez)-1307|10625.0|
Edirne(Havsa)-1385|18077.0|
Edirne(İpsala)-1412|26155.0|
Edirne(Keşan)-1464|84846.0|
Edirne(Lalapaşa)-1502|6198.0|
Edirne(Meriç)-1523|12897.0|
Edirne(Merkez)-1295|194991.0|
Edirne(Süloğlu)-1988|6405.0|
Edirne(Uzunköprü)-1705|59719.0|
Elazığ(Ağın)-1110|2834.0|
Elazığ(Alacakaya)-1873|6157.0|
Elazığ(Arıcak)-1762|14970.0|
Elazığ(Baskil)-1173|16578.0|
Elazığ(Karakoçan)-1438|29612.0|
Elazığ(Keban)-1455|7964.0|
Elazığ(Kovancılar)-1820|38988.0|
Elazığ(Maden)-1506|13320.0|
Elazığ(Merkez)-1298|443448.0|
Elazığ(Palu)-1566|20215.0|
Elazığ(Sivrice)-1631|10325.0|
Erzincan(Çayırlı)-1243|8415.0|
Erzincan(İliç)-1406|10044.0|
Erzincan(Kemah)-1459|7517.0|
Erzincan(Kemaliye)-1460|5066.0|
Erzincan(Merkez)-1318|165860.0|
Erzincan(Otlukbeli)-1977|2423.0|
Erzincan(Refahiye)-1583|12984.0|
Erzincan(Tercan)-1675|16573.0|
Erzincan(Üzümlü)-1853|14517.0|
Erzurum(Aşkale)-1153|21410.0|
Erzurum(Aziziye)-1945|68251.0|
Erzurum(Çat)-1235|15457.0|
Erzurum(Hınıs)-1392|24419.0|
Erzurum(Horasan)-1396|36359.0|
Erzurum(İspir)-1416|15914.0|
Erzurum(Karaçoban)-1812|21961.0|
Erzurum(Karayazı)-1444|24559.0|
Erzurum(Köprüköy)-1967|14184.0|
Erzurum(Narman)-1540|11959.0|
Erzurum(Oltu)-1550|30296.0|
Erzurum(Olur)-1551|6737.0|
Erzurum(Palandöken)-2044|177109.0|
Erzurum(Pasinler)-1567|26833.0|
Erzurum(Pazaryolu)-1865|4290.0|
Erzurum(Şenkaya)-1657|16112.0|
Erzurum(Tekman)-1674|22686.0|
Erzurum(Tortum)-1683|17418.0|
Erzurum(Uzundere)-1851|7973.0|
Erzurum(Yakutiye)-2045|186066.0|
Eskişehir(Alpu)-1759|10678.0|
Eskişehir(Beylikova)-1777|6016.0|
Eskişehir(Çifteler)-1255|14926.0|
Eskişehir(Günyüzü)-1934|5679.0|
Eskişehir(Han)-1939|2352.0|
Eskişehir(İnönü)-1808|6244.0|
Eskişehir(Mahmudiye)-1508|7715.0|
Eskişehir(Mihalgazi)-1973|3037.0|
Eskişehir(Mihalıççık)-1527|8576.0|
Eskişehir(Odunpazarı)-2046|421469.0|
Eskişehir(Sarıcakaya)-1599|4651.0|
Eskişehir(Seyitgazi)-1618|13481.0|
Eskişehir(Sivrihisar)-1632|20478.0|
Eskişehir(Tepebaşı)-2047|390116.0|
Gaziantep(Araban)-1139|33196.0|
Gaziantep(İslahiye)-1415|64013.0|
Gaziantep(Karkamış)-1956|10265.0|
Gaziantep(Nizip)-1546|150037.0|
Gaziantep(Nurdağı)-1974|39465.0|
Gaziantep(Oğuzeli)-1549|37170.0|
Gaziantep(Şahinbey)-1841|939497.0|
Gaziantep(Şehitkamil)-1844|867193.0|
Gaziantep(Yavuzeli)-1720|23298.0|
Giresun(Alucra)-1133|10514.0|
Giresun(Bulancak)-1212|70092.0|
Giresun(Çamoluk)-1893|7254.0|
Giresun(Çanakçı)-1894|6917.0|
Giresun(Dereli)-1272|19308.0|
Giresun(Doğankent)-1912|6539.0|
Giresun(Espiye)-1320|38130.0|
Giresun(Eynesil)-1324|13237.0|
Giresun(Görele)-1361|32192.0|
Giresun(Güce)-1930|8574.0|
Giresun(Keşap)-1465|20763.0|
Giresun(Merkez)-1352|143890.0|
Giresun(Piraziz)-1837|15151.0|
Giresun(Şebinkarahisar)-1654|19948.0|
Giresun(Tirebolu)-1678|33459.0|
Giresun(Yağlıdere)-1854|15744.0|
Gümüşhane(Kelkit)-1458|40875.0|
Gümüşhane(Köse)-1822|7261.0|
Gümüşhane(Kürtün)-1971|13406.0|
Gümüşhane(Merkez)-1369|54503.0|
Gümüşhane(Şiran)-1660|20202.0|
Gümüşhane(Torul)-1684|12292.0|
Hakkari(Çukurca)-1261|17734.0|
Hakkari(Derecik)-2107|25907.0|
Hakkari(Merkez)-1377|77273.0|
Hakkari(Şemdinli)-1656|44742.0|
Hakkari(Yüksekova)-1737|121969.0|
Hatay(Altınözü)-1131|66533.0|
Hatay(Antakya)-2080|298620.0|
Hatay(Arsuz)-2081|106118.0|
Hatay(Belen)-1887|34430.0|
Hatay(Defne)-2082|142146.0|
Hatay(Dörtyol)-1289|129276.0|
Hatay(Erzin)-1792|42425.0|
Hatay(Hassa)-1382|55604.0|
Hatay(İskenderun)-1413|227498.0|
Hatay(Kırıkhan)-1468|106975.0|
Hatay(Kumlu)-1970|14971.0|
Hatay(Payas)-2083|44131.0|
Hatay(Reyhanlı)-1585|113615.0|
Hatay(Samandağ)-1591|120600.0|
Hatay(Yayladağı)-1721|41698.0|
Iğdır(Aralık)-1142|19495.0|
Iğdır(Karakoyunlu)-2011|13116.0|
Iğdır(Merkez)-1398|153543.0|
Iğdır(Tuzluca)-1692|23584.0|
Isparta(Aksu)-1755|4135.0|
Isparta(Atabey)-1154|6103.0|
Isparta(Eğirdir)-1297|30988.0|
Isparta(Gelendost)-1341|14471.0|
Isparta(Gönen)-1929|7094.0|
Isparta(Keçiborlu)-1456|14646.0|
Isparta(Merkez)-1401|271396.0|
Isparta(Şarkikaraağaç)-1651|24990.0|
Isparta(Senirkent)-1615|11196.0|
Isparta(Sütçüler)-1648|10143.0|
Isparta(Uluborlu)-1699|6426.0|
Isparta(Yalvaç)-1717|45694.0|
Isparta(Yenişarbademli)-2001|2495.0|
İstanbul(Adalar)-1103|16325.0|
İstanbul(Arnavutköy)-2048|336062.0|
İstanbul(Ataşehir)-2049|416529.0|
İstanbul(Avcılar)-2003|437221.0|
İstanbul(Bağcılar)-2004|719071.0|
İstanbul(Bahçelievler)-2005|567848.0|
İstanbul(Bakırköy)-1166|220476.0|
İstanbul(Başakşehir)-2050|509915.0|
İstanbul(Bayrampaşa)-1886|268850.0|
İstanbul(Beşiktaş)-1183|169022.0|
İstanbul(Beykoz)-1185|245647.0|
İstanbul(Beylikdüzü)-2051|409347.0|
İstanbul(Beyoğlu)-1186|218589.0|
İstanbul(Büyükçekmece)-1782|276572.0|
İstanbul(Çatalca)-1237|80007.0|
İstanbul(Çekmeköy)-2052|299806.0|
İstanbul(Esenler)-2016|427901.0|
İstanbul(Esenyurt)-2053|978007.0|
İstanbul(Eyüpsultan)-1325|420194.0|
İstanbul(Fatih)-1327|356025.0|
İstanbul(Gaziosmanpaşa)-1336|483830.0|
İstanbul(Güngören)-2010|269944.0|
İstanbul(Kadıköy)-1421|467919.0|
İstanbul(Kağıthane)-1810|445672.0|
İstanbul(Kartal)-1449|475042.0|
İstanbul(Küçükçekmece)-1823|792030.0|
İstanbul(Maltepe)-2012|523137.0|
İstanbul(Pendik)-1835|743774.0|
İstanbul(Sancaktepe)-2054|492804.0|
İstanbul(Sarıyer)-1604|344250.0|
İstanbul(Şile)-1659|48537.0|
İstanbul(Silivri)-1622|221723.0|
İstanbul(Şişli)-1663|264736.0|
İstanbul(Sultanbeyli)-2014|360702.0|
İstanbul(Sultangazi)-2055|532802.0|
İstanbul(Tuzla)-2015|293604.0|
İstanbul(Ümraniye)-1852|723760.0|
İstanbul(Üsküdar)-1708|517348.0|
İstanbul(Zeytinburnu)-1739|280896.0|
İzmir(Aliağa)-1128|106168.0|
İzmir(Balçova)-2006|77831.0|
İzmir(Bayındır)-1178|40618.0|
İzmir(Bayraklı)-2056|300949.0|
İzmir(Bergama)-1181|107133.0|
İzmir(Beydağ)-1776|12094.0|
İzmir(Bornova)-1203|447553.0|
İzmir(Buca)-1780|523487.0|
İzmir(Çeşme)-1251|50028.0|
İzmir(Çiğli)-2007|215172.0|
İzmir(Dikili)-1280|48379.0|
İzmir(Foça)-1334|36000.0|
İzmir(Gaziemir)-2009|137768.0|
İzmir(Güzelbahçe)-2018|38044.0|
İzmir(Karabağlar)-2057|476500.0|
İzmir(Karaburun)-1432|13379.0|
İzmir(Karşıyaka)-1448|341857.0|
İzmir(Kemalpaşa)-1461|117956.0|
İzmir(Kınık)-1467|29205.0|
İzmir(Kiraz)-1477|43572.0|
İzmir(Konak)-1819|327300.0|
İzmir(Menderes)-1826|109356.0|
İzmir(Menemen)-1521|207748.0|
İzmir(Narlıdere)-2013|62148.0|
İzmir(Ödemiş)-1563|132650.0|
İzmir(Seferihisar)-1611|58570.0|
İzmir(Selçuk)-1612|38467.0|
İzmir(Tire)-1677|87935.0|
İzmir(Torbalı)-1682|214059.0|
İzmir(Urla)-1703|77599.0|
Kahramanmaraş(Afşin)-1107|78152.0|
Kahramanmaraş(Andırın)-1136|32581.0|
Kahramanmaraş(Çağlayancerit)-1785|23159.0|
Kahramanmaraş(Dulkadiroğlu)-2084|214608.0|
Kahramanmaraş(Ekinözü)-1919|10471.0|
Kahramanmaraş(Elbistan)-1299|127755.0|
Kahramanmaraş(Göksun)-1353|49119.0|
Kahramanmaraş(Nurhak)-1975|11984.0|
Kahramanmaraş(Onikişubat)-2085|427272.0|
Kahramanmaraş(Pazarcık)-1570|67262.0|
Kahramanmaraş(Türkoğlu)-1694|74255.0|
Karabük(Eflani)-1296|10101.0|
Karabük(Eskipazar)-1321|14343.0|
Karabük(Merkez)-1433|134486.0|
Karabük(Ovacık)-1561|5677.0|
Karabük(Safranbolu)-1587|70043.0|
Karabük(Yenice)-1856|20592.0|
Karaman(Ayrancı)-1768|7630.0|
Karaman(Başyayla)-1884|3434.0|
Karaman(Ermenek)-1316|28103.0|
Karaman(Kazımkarabekir)-1862|4710.0|
Karaman(Merkez)-1439|208199.0|
Karaman(Sarıveliler)-1983|11884.0|
Kars(Akyaka)-1756|9998.0|
Kars(Arpaçay)-1149|14670.0|
Kars(Digor)-1279|19403.0|
Kars(Kağızman)-1424|44162.0|
Kars(Merkez)-1447|122524.0|
Kars(Sarıkamış)-1601|37348.0|
Kars(Selim)-1614|21178.0|
Kars(Susuz)-1645|9052.0|
Kastamonu(Abana)-1101|4461.0|
Kastamonu(Ağlı)-1867|3521.0|
Kastamonu(Araç)-1140|18676.0|
Kastamonu(Azdavay)-1162|8031.0|
Kastamonu(Bozkurt)-1208|9738.0|
Kastamonu(Çatalzeytin)-1238|8127.0|
Kastamonu(Cide)-1221|22965.0|
Kastamonu(Daday)-1264|8456.0|
Kastamonu(Devrekani)-1277|13886.0|
Kastamonu(Doğanyurt)-1915|5433.0|
Kastamonu(Hanönü)-1940|4395.0|
Kastamonu(İhsangazi)-1805|5235.0|
Kastamonu(İnebolu)-1410|20480.0|
Kastamonu(Küre)-1499|5644.0|
Kastamonu(Merkez)-1450|155011.0|
Kastamonu(Pınarbaşı)-1836|6970.0|
Kastamonu(Şenpazar)-1845|4844.0|
Kastamonu(Seydiler)-1984|4796.0|
Kastamonu(Taşköprü)-1666|38372.0|
Kastamonu(Tosya)-1685|39949.0|
Kayseri(Akkışla)-1752|6246.0|
Kayseri(Bünyan)-1218|30834.0|
Kayseri(Develi)-1275|67918.0|
Kayseri(Felahiye)-1330|6550.0|
Kayseri(Hacılar)-1936|12979.0|
Kayseri(İncesu)-1409|30477.0|
Kayseri(Kocasinan)-1863|407600.0|
Kayseri(Melikgazi)-1864|585483.0|
Kayseri(Özvatan)-1978|4523.0|
Kayseri(Pınarbaşı)-1576|24172.0|
Kayseri(Sarıoğlan)-1603|15394.0|
Kayseri(Sarız)-1605|11278.0|
Kayseri(Talas)-1846|168172.0|
Kayseri(Tomarza)-1680|22041.0|
Kayseri(Yahyalı)-1715|36078.0|
Kayseri(Yeşilhisar)-1727|15938.0|
Kilis(Elbeyli)-2023|6252.0|
Kilis(Merkez)-1476|130665.0|
Kilis(Musabeyli)-2024|13108.0|
Kilis(Polateli)-2025|5154.0|
Kırıkkale(Bahşılı)-1880|8038.0|
Kırıkkale(Balışeyh)-1882|7016.0|
Kırıkkale(Çelebi)-1901|3954.0|
Kırıkkale(Delice)-1268|11227.0|
Kırıkkale(Karakeçili)-1954|3659.0|
Kırıkkale(Keskin)-1463|16938.0|
Kırıkkale(Merkez)-1469|188419.0|
Kırıkkale(Sulakyurt)-1638|6762.0|
Kırıkkale(Yahşihan)-1992|39731.0|
Kırklareli(Babaeski)-1163|46595.0|
Kırklareli(Demirköy)-1270|9656.0|
Kırklareli(Kofçaz)-1480|2308.0|
Kırklareli(Lüleburgaz)-1505|155670.0|
Kırklareli(Merkez)-1471|112323.0|
Kırklareli(Pehlivanköy)-1572|3400.0|
Kırklareli(Pınarhisar)-1577|17738.0|
Kırklareli(Vize)-1714|29466.0|
Kırşehir(Akçakent)-1869|3792.0|
Kırşehir(Akpınar)-1754|7535.0|
Kırşehir(Boztepe)-1890|5539.0|
Kırşehir(Çiçekdağı)-1254|14480.0|
Kırşehir(Kaman)-1429|34285.0|
Kırşehir(Merkez)-1472|162989.0|
Kırşehir(Mucur)-1529|18559.0|
Kocaeli(Başiskele)-2058|121278.0|
Kocaeli(Çayırova)-2059|153301.0|
Kocaeli(Darıca)-2060|227892.0|
Kocaeli(Derince)-2030|146409.0|
Kocaeli(Dilovası)-2061|54391.0|
Kocaeli(Gebze)-1338|407436.0|
Kocaeli(Gölcük)-1355|177441.0|
Kocaeli(İzmit)-2062|378656.0|
Kocaeli(Kandıra)-1430|53845.0|
Kocaeli(Karamürsel)-1440|59952.0|
Kocaeli(Kartepe)-2063|142175.0|
Kocaeli(Körfez)-1821|180131.0|
Konya(Ahırlı)-1868|5027.0|
Konya(Akören)-1753|5902.0|
Konya(Akşehir)-1122|92946.0|
Konya(Altınekin)-1760|14851.0|
Konya(Beyşehir)-1188|79030.0|
Konya(Bozkır)-1207|25885.0|
Konya(Çeltik)-1902|10324.0|
Konya(Cihanbeyli)-1222|50922.0|
Konya(Çumra)-1262|68543.0|
Konya(Derbent)-1907|4160.0|
Konya(Derebucak)-1789|5790.0|
Konya(Doğanhisar)-1285|14815.0|
Konya(Emirgazi)-1920|7945.0|
Konya(Ereğli)-1312|153849.0|
Konya(Güneysınır)-1933|9415.0|
Konya(Hadim)-1375|11459.0|
Konya(Halkapınar)-1937|4183.0|
Konya(Hüyük)-1804|15431.0|
Konya(Ilgın)-1400|53707.0|
Konya(Kadınhanı)-1422|31852.0|
Konya(Karapınar)-1441|51166.0|
Konya(Karatay)-1814|375919.0|
Konya(Kulu)-1491|52447.0|
Konya(Meram)-1827|347341.0|
Konya(Sarayönü)-1598|28967.0|
Konya(Selçuklu)-1839|695771.0|
Konya(Seydişehir)-1617|65928.0|
Konya(Taşkent)-1848|6976.0|
Konya(Tuzlukçu)-1990|6546.0|
Konya(Yalıhüyük)-1994|1854.0|
Konya(Yunak)-1735|21290.0|
Kütahya(Altıntaş)-1132|15446.0|
Kütahya(Aslanapa)-1764|8485.0|
Kütahya(Çavdarhisar)-1898|6073.0|
Kütahya(Domaniç)-1288|14206.0|
Kütahya(Dumlupınar)-1790|2957.0|
Kütahya(Emet)-1304|18264.0|
Kütahya(Gediz)-1339|49915.0|
Kütahya(Hisarcık)-1802|10996.0|
Kütahya(Merkez)-1500|276427.0|
Kütahya(Pazarlar)-1979|5064.0|
Kütahya(Şaphane)-1843|5844.0|
Kütahya(Simav)-1625|61346.0|
Kütahya(Tavşanlı)-1671|100651.0|
Malatya(Akçadağ)-1114|34322.0|
Malatya(Arapgir)-1143|10641.0|
Malatya(Arguvan)-1148|7708.0|
Malatya(Battalgazi)-1772|269150.0|
Malatya(Darende)-1265|26318.0|
Malatya(Doğanşehir)-1286|35936.0|
Malatya(Doğanyol)-1914|4436.0|
Malatya(Hekimhan)-1390|20106.0|
Malatya(Kale)-1953|6492.0|
Malatya(Kuluncak)-1969|8549.0|
Malatya(Pütürge)-1582|15779.0|
Malatya(Yazıhan)-1995|16370.0|
Malatya(Yeşilyurt)-1729|286918.0|
Manisa(Ahmetli)-1751|17370.0|
Manisa(Akhisar)-1118|178812.0|
Manisa(Alaşehir)-1127|105397.0|
Manisa(Demirci)-1269|35868.0|
Manisa(Gölmarmara)-1793|15211.0|
Manisa(Gördes)-1362|26240.0|
Manisa(Kırkağaç)-1470|37823.0|
Manisa(Köprübaşı)-1965|12752.0|
Manisa(Kula)-1489|43361.0|
Manisa(Salihli)-1590|165182.0|
Manisa(Sarıgöl)-1600|35519.0|
Manisa(Saruhanlı)-1606|57452.0|
Manisa(Şehzadeler)-2086|166541.0|
Manisa(Selendi)-1613|19115.0|
Manisa(Soma)-1634|111276.0|
Manisa(Turgutlu)-1689|177071.0|
Manisa(Yunusemre)-2087|270726.0|
Mardin(Artuklu)-2088|194073.0|
Mardin(Dargeçit)-1787|28434.0|
Mardin(Derik)-1273|62475.0|
Mardin(Kızıltepe)-1474|271307.0|
Mardin(Mazıdağı)-1519|37399.0|
Mardin(Midyat)-1526|122308.0|
Mardin(Nusaybin)-1547|118640.0|
Mardin(Ömerli)-1564|14571.0|
Mardin(Savur)-1609|26173.0|
Mardin(Yeşilli)-2002|13494.0|
Mersin(Akdeniz)-2064|260879.0|
Mersin(Anamur)-1135|66940.0|
Mersin(Aydıncık)-1766|11662.0|
Mersin(Bozyazı)-1779|26985.0|
Mersin(Çamlıyayla)-1892|8692.0|
Mersin(Erdemli)-1311|153967.0|
Mersin(Gülnar)-1366|33986.0|
Mersin(Mezitli)-2065|223424.0|
Mersin(Mut)-1536|63516.0|
Mersin(Silifke)-1621|137047.0|
Mersin(Tarsus)-1665|353469.0|
Mersin(Toroslar)-2066|320377.0|
Mersin(Yenişehir)-2067|277445.0|
Muğla(Bodrum)-1197|198335.0|
Muğla(Dalaman)-1742|49044.0|
Muğla(Datça)-1266|25649.0|
Muğla(Fethiye)-1331|177569.0|
Muğla(Kavaklıdere)-1958|10975.0|
Muğla(Köyceğiz)-1488|40665.0|
Muğla(Marmaris)-1517|96778.0|
Muğla(Menteşe)-2089|123227.0|
Muğla(Milas)-1528|149691.0|
Muğla(Ortaca)-1831|56056.0|
Muğla(Seydikemer)-2090|65851.0|
Muğla(Ula)-1695|27282.0|
Muğla(Yatağan)-1719|45614.0|
Muş(Bulanık)-1213|72714.0|
Muş(Hasköy)-1801|27630.0|
Muş(Korkut)-1964|23193.0|
Muş(Malazgirt)-1510|44442.0|
Muş(Merkez)-1534|201717.0|
Muş(Varto)-1711|30183.0|
Nevşehir(Acıgöl)-1749|19565.0|
Nevşehir(Avanos)-1155|32682.0|
Nevşehir(Derinkuyu)-1274|20767.0|
Nevşehir(Gülşehir)-1367|21806.0|
Nevşehir(Hacıbektaş)-1374|11352.0|
Nevşehir(Kozaklı)-1485|13412.0|
Nevşehir(Merkez)-1543|159195.0|
Nevşehir(Ürgüp)-1707|37215.0|
Niğde(Altunhisar)-1876|14225.0|
Niğde(Bor)-1201|62553.0|
Niğde(Çamardı)-1225|13614.0|
Niğde(Çiftlik)-1904|28780.0|
Niğde(Merkez)-1544|236864.0|
Niğde(Ulukışla)-1700|21044.0|
Ordu(Akkuş)-1119|22456.0|
Ordu(Altınordu)-2103|225349.0|
Ordu(Aybastı)-1158|20966.0|
Ordu(Çamaş)-1891|10232.0|
Ordu(Çatalpınar)-1897|14014.0|
Ordu(Çaybaşı)-1900|12625.0|
Ordu(Fatsa)-1328|125399.0|
Ordu(Gölköy)-1358|26970.0|
Ordu(Gülyalı)-1795|9243.0|
Ordu(Gürgentepe)-1797|15543.0|
Ordu(İkizce)-1947|14013.0|
Ordu(Kabadüz)-1950|7548.0|
Ordu(Kabataş)-1951|11011.0|
Ordu(Korgan)-1482|28144.0|
Ordu(Kumru)-1493|29704.0|
Ordu(Mesudiye)-1525|15357.0|
Ordu(Perşembe)-1573|31278.0|
Ordu(Ulubey)-1696|23033.0|
Ordu(Ünye)-1706|132915.0|
Osmaniye(Bahçe)-1165|23218.0|
Osmaniye(Düziçi)-1743|86616.0|
Osmaniye(Hasanbeyli)-2027|5455.0|
Osmaniye(Kadirli)-1423|127513.0|
Osmaniye(Merkez)-1560|280068.0|
Osmaniye(Sumbas)-2028|13375.0|
Osmaniye(Toprakkale)-2029|21421.0|
Rize(Ardeşen)-1146|42467.0|
Rize(Çamlıhemşin)-1228|7799.0|
Rize(Çayeli)-1241|43075.0|
Rize(Derepazarı)-1908|7732.0|
Rize(Fındıklı)-1332|17385.0|
Rize(Güneysu)-1796|15953.0|
Rize(Hemşin)-1943|2499.0|
Rize(İkizdere)-1405|8676.0|
Rize(İyidere)-1949|9366.0|
Rize(Kalkandere)-1428|15042.0|
Rize(Merkez)-1586|147996.0|
Rize(Pazar)-1569|32516.0|
Sakarya(Adapazarı)-2068|279431.0|
Sakarya(Akyazı)-1123|96605.0|
Sakarya(Arifiye)-2069|51467.0|
Sakarya(Erenler)-2070|91611.0|
Sakarya(Ferizli)-1925|32752.0|
Sakarya(Geyve)-1351|51676.0|
Sakarya(Hendek)-1391|91486.0|
Sakarya(Karapürçek)-1955|13713.0|
Sakarya(Karasu)-1442|73738.0|
Sakarya(Kaynarca)-1453|25137.0|
Sakarya(Kocaali)-1818|26523.0|
Sakarya(Pamukova)-1833|31205.0|
Sakarya(Sapanca)-1595|46080.0|
Sakarya(Serdivan)-2071|164222.0|
Sakarya(Söğütlü)-1986|15411.0|
Sakarya(Taraklı)-1847|7058.0|
Samsun(19 Mayıs)-1830|27910.0|
Samsun(Alaçam)-1125|25148.0|
Samsun(Asarcık)-1763|16906.0|
Samsun(Atakum)-2072|245328.0|
Samsun(Ayvacık)-1879|21090.0|
Samsun(Bafra)-1164|143109.0|
Samsun(Canik)-2073|100040.0|
Samsun(Çarşamba)-1234|141199.0|
Samsun(Havza)-1386|38824.0|
Samsun(İlkadım)-2074|322228.0|
Samsun(Kavak)-1452|26346.0|
Samsun(Ladik)-1501|16907.0|
Samsun(Salıpazarı)-1838|21243.0|
Samsun(Tekkeköy)-1849|58615.0|
Samsun(Terme)-1676|73120.0|
Samsun(Vezirköprü)-1712|90388.0|
Samsun(Yakakent)-1993|9145.0|
Şanlıurfa(Akçakale)-1115|127277.0|
Şanlıurfa(Birecik)-1194|93866.0|
Şanlıurfa(Bozova)-1209|55553.0|
Şanlıurfa(Ceylanpınar)-1220|92147.0|
Şanlıurfa(Eyyübiye)-2091|400084.0|
Şanlıurfa(Halfeti)-1378|46312.0|
Şanlıurfa(Haliliye)-2092|392600.0|
Şanlıurfa(Harran)-1800|98999.0|
Şanlıurfa(Hilvan)-1393|43448.0|
Şanlıurfa(Karaköprü)-2093|277160.0|
Şanlıurfa(Siverek)-1630|271832.0|
Şanlıurfa(Suruç)-1643|103621.0|
Şanlıurfa(Viranşehir)-1713|211065.0|
Siirt(Baykan)-1179|26338.0|
Siirt(Eruh)-1317|20011.0|
Siirt(Kurtalan)-1495|62232.0|
Siirt(Merkez)-1620|184163.0|
Siirt(Pervari)-1575|29448.0|
Siirt(Şirvan)-1662|20779.0|
Siirt(Tillo)-1878|4441.0|
Sinop(Ayancık)-1156|24473.0|
Sinop(Boyabat)-1204|45833.0|
Sinop(Dikmen)-1910|5156.0|
Sinop(Durağan)-1290|17900.0|
Sinop(Erfelek)-1314|13123.0|
Sinop(Gerze)-1349|29534.0|
Sinop(Merkez)-1627|69844.0|
Sinop(Saraydüzü)-1981|6642.0|
Sinop(Türkeli)-1693|17211.0|
Şırnak(Beytüşşebap)-1189|16056.0|
Şırnak(Cizre)-1223|161135.0|
Şırnak(Güçlükonak)-1931|12830.0|
Şırnak(İdil)-1403|77159.0|
Şırnak(Merkez)-1661|108699.0|
Şırnak(Silopi)-1623|148126.0|
Şırnak(Uludere)-1698|46740.0|
Sivas(Akıncılar)-1870|5111.0|
Sivas(Altınyayla)-1875|8866.0|
Sivas(Divriği)-1282|16893.0|
Sivas(Doğanşar)-1913|3216.0|
Sivas(Gemerek)-1342|22717.0|
Sivas(Gölova)-1927|3614.0|
Sivas(Gürün)-1373|18118.0|
Sivas(Hafik)-1376|10944.0|
Sivas(İmranlı)-1407|9091.0|
Sivas(Kangal)-1431|21629.0|
Sivas(Koyulhisar)-1484|12959.0|
Sivas(Merkez)-1628|389719.0|
Sivas(Şarkışla)-1650|37758.0|
Sivas(Suşehri)-1646|25295.0|
Sivas(Ulaş)-1991|8879.0|
Sivas(Yıldızeli)-1731|31719.0|
Sivas(Zara)-1738|23873.0|
Tekirdağ(Çerkezköy)-1250|213243.0|
Tekirdağ(Çorlu)-1258|294020.0|
Tekirdağ(Ergene)-2094|68695.0|
Tekirdağ(Hayrabolu)-1388|30930.0|
Tekirdağ(Kapaklı)-2095|142662.0|
Tekirdağ(Malkara)-1511|51406.0|
Tekirdağ(Marmaraereğlisi)-1825|31191.0|
Tekirdağ(Muratlı)-1538|30411.0|
Tekirdağ(Saray)-1596|51224.0|
Tekirdağ(Şarköy)-1652|34047.0|
Tekirdağ(Süleymanpaşa)-2096|219230.0|
Tokat(Almus)-1129|25116.0|
Tokat(Artova)-1151|7469.0|
Tokat(Başçiftlik)-1883|6216.0|
Tokat(Erbaa)-1308|100323.0|
Tokat(Merkez)-1679|207741.0|
Tokat(Niksar)-1545|62287.0|
Tokat(Pazar)-1834|13419.0|
Tokat(Reşadiye)-1584|36727.0|
Tokat(Sulusaray)-1987|6698.0|
Tokat(Turhal)-1690|78827.0|
Tokat(Yeşilyurt)-1858|8356.0|
Tokat(Zile)-1740|53755.0|
Trabzon(Akçaabat)-1113|129628.0|
Trabzon(Araklı)-1141|51124.0|
Trabzon(Arsin)-1150|32717.0|
Trabzon(Beşikdüzü)-1775|23568.0|
Trabzon(Çarşıbaşı)-1896|15753.0|
Trabzon(Çaykara)-1244|15180.0|
Trabzon(Dernekpazarı)-1909|4294.0|
Trabzon(Düzköy)-1917|14142.0|
Trabzon(Hayrat)-1942|9337.0|
Trabzon(Köprübaşı)-1966|4776.0|
Trabzon(Maçka)-1507|27322.0|
Trabzon(Of)-1548|44527.0|
Trabzon(Ortahisar)-2097|322702.0|
Trabzon(Şalpazarı)-1842|11780.0|
Trabzon(Sürmene)-1647|26127.0|
Trabzon(Tonya)-1681|14315.0|
Trabzon(Vakfıkebir)-1709|27339.0|
Trabzon(Yomra)-1732|49721.0|
Tunceli(Çemişgezek)-1247|8066.0|
Tunceli(Hozat)-1397|5952.0|
Tunceli(Mazgirt)-1518|7827.0|
Tunceli(Merkez)-1688|41389.0|
Tunceli(Nazımiye)-1541|3437.0|
Tunceli(Ovacık)-1562|7173.0|
Tunceli(Pertek)-1574|11463.0|
Tunceli(Pülümür)-1581|4010.0|
Uşak(Banaz)-1170|35313.0|
Uşak(Eşme)-1323|34692.0|
Uşak(Karahallı)-1436|9884.0|
Uşak(Merkez)-1704|265148.0|
Uşak(Sivaslı)-1629|19939.0|
Uşak(Ulubey)-1697|12025.0|
Van(Bahçesaray)-1770|12983.0|
Van(Başkale)-1175|42922.0|
Van(Çaldıran)-1786|56901.0|
Van(Çatak)-1236|18825.0|
Van(Edremit)-1918|129604.0|
Van(Erciş)-1309|171035.0|
Van(Gevaş)-1350|27437.0|
Van(Gürpınar)-1372|31816.0|
Van(İpekyolu)-2098|350708.0|
Van(Muradiye)-1533|44322.0|
Van(Özalp)-1565|57829.0|
Van(Saray)-1980|18779.0|
Van(Tuşba)-2099|164451.0|
Yalova(Altınova)-2019|33680.0|
Yalova(Armutlu)-2020|11729.0|
Yalova(Çiftlikköy)-2022|53858.0|
Yalova(Çınarcık)-2021|42078.0|
Yalova(Merkez)-1716|155863.0|
Yalova(Termal)-2026|7572.0|
Yozgat(Akdağmadeni)-1117|40842.0|
Yozgat(Aydıncık)-1877|10208.0|
Yozgat(Boğazlıyan)-1198|35075.0|
Yozgat(Çandır)-1895|4434.0|
Yozgat(Çayıralan)-1242|12461.0|
Yozgat(Çekerek)-1245|18781.0|
Yozgat(Kadışehri)-1952|10612.0|
Yozgat(Merkez)-1733|110620.0|
Yozgat(Saraykent)-1982|11828.0|
Yozgat(Sarıkaya)-1602|31866.0|
Yozgat(Şefaatli)-1655|14594.0|
Yozgat(Sorgun)-1635|80618.0|
Yozgat(Yenifakılı)-1998|5383.0|
Yozgat(Yerköy)-1726|33377.0|
Zonguldak(Alaplı)-1758|43417.0|
Zonguldak(Çaycuma)-1240|91968.0|
Zonguldak(Devrek)-1276|57562.0|
Zonguldak(Ereğli)-1313|175294.0|
Zonguldak(Gökçebey)-1926|21344.0|
Zonguldak(Kilimli)-2100|33639.0|
Zonguldak(Kozlu)-2101|50908.0|
Zonguldak(Merkez)-1741|117360.0|